gemeente,CDA,PVDA,PVV,SGP,SP,VVD,Partij
Aa en Hunze,0,1,0,0,0,0,PVDA
Aa en Hunze,0,1,0,0,0,1,PVDA
Aa en Hunze,0,0,0,0,0,0,CDA
Aalburg,0,0,0,0,0,0,CDA
Aalburg,1,0,0,0,0,0,CDA
Aalburg,1,0,0,0,0,0,CDA
Aalsmeer,0,0,0,0,0,1,VVD
Aalsmeer,0,0,0,0,0,1,VVD
Aalsmeer,0,0,0,0,0,1,VVD
Aalten,1,0,0,0,0,0,CDA
Aalten,1,0,0,0,0,0,CDA
Aalten,1,0,0,0,0,0,CDA
Ter Aar,0,0,0,0,0,0,CDA
Ter Aar,0,0,0,0,0,0,CDA
Ter Aar,0,0,0,0,0,0,CDA
Aarle-Rixtel,0,0,0,0,0,0,CDA
Aarle-Rixtel,0,0,0,0,0,0,CDA
Aarle-Rixtel,0,0,0,0,0,0,CDA
Abcoude,0,0,0,0,0,1,VVD
Abcoude,0,0,0,0,0,0,CDA
Abcoude,0,0,0,0,0,0,CDA
Achtkarspelen,1,0,0,0,0,0,CDA
Achtkarspelen,1,0,0,0,0,0,CDA
Achtkarspelen,1,0,0,0,0,0,CDA
Akersloot,0,0,0,0,0,0,CDA
Akersloot,0,0,0,0,0,0,CDA
Akersloot,0,0,0,0,0,0,CDA
Alblasserdam,0,0,0,0,0,0,CDA
Alblasserdam,0,0,0,0,0,1,VVD
Alblasserdam,0,0,0,0,0,1,VVD
Albrandswaard,0,0,0,0,0,1,VVD
Albrandswaard,0,0,0,0,0,1,VVD
Albrandswaard,0,0,0,0,0,1,VVD
Alkemade,0,0,0,0,0,0,CDA
Alkemade,0,0,0,0,0,0,CDA
Alkemade,0,0,0,0,0,0,CDA
Alkmaar,0,1,0,0,0,0,PVDA
Alkmaar,0,0,0,0,0,1,VVD
Alkmaar,0,0,0,0,0,0,CDA
Almelo,0,1,0,0,0,0,PVDA
Almelo,0,0,0,0,0,0,CDA
Almelo,0,0,0,0,0,0,CDA
Almere,0,0,0,0,0,1,VVD
Almere,0,0,0,0,0,1,VVD
Almere,0,0,0,0,0,1,VVD
Alphen aan den Rijn,0,0,0,0,0,1,VVD
Alphen aan den Rijn,0,0,0,0,0,1,VVD
Alphen aan den Rijn,0,0,0,0,0,1,VVD
Alphen en Riel,0,0,0,0,0,0,CDA
Alphen en Riel,0,0,0,0,0,0,CDA
Alphen en Riel,0,0,0,0,0,0,CDA
Alphen-Chaam,1,0,0,0,0,0,CDA
Alphen-Chaam,1,0,0,0,0,0,CDA
Alphen-Chaam,1,0,0,0,0,0,CDA
Ambt Delden,0,0,0,0,0,0,CDA
Ambt Delden,0,0,0,0,0,0,CDA
Ambt Delden,0,0,0,0,0,0,CDA
Ambt Montfort,0,0,0,0,0,0,CDA
Ambt Montfort,0,0,0,0,0,0,CDA
Ambt Montfort,0,0,0,0,0,0,CDA
Ameland,0,0,0,0,0,0,CDA
Ameland,0,0,0,0,0,1,VVD
Ameland,0,0,0,0,0,0,CDA
Amerongen,0,0,0,0,0,0,CDA
Amerongen,0,0,0,0,0,0,CDA
Amerongen,0,0,0,0,0,0,CDA
Amersfoort,0,0,0,0,0,1,VVD
Amersfoort,0,0,0,0,0,1,VVD
Amersfoort,0,0,0,0,0,1,VVD
Ammerzoden,0,0,0,0,0,0,CDA
Ammerzoden,0,0,0,0,0,0,CDA
Ammerzoden,0,0,0,0,0,0,CDA
Amstelveen,0,0,0,0,0,1,VVD
Amstelveen,0,0,0,0,0,1,VVD
Amstelveen,0,0,0,0,0,1,VVD
Amsterdam,0,1,0,0,0,0,PVDA
Amsterdam,0,0,0,0,0,0,CDA
Amsterdam,0,0,0,0,0,0,CDA
Andijk,0,0,1,0,0,1,PVV
Andijk,0,0,0,0,0,0,CDA
Andijk,0,0,0,0,0,0,CDA
Angerlo,0,0,0,0,0,0,CDA
Angerlo,0,0,0,0,0,0,CDA
Angerlo,0,0,0,0,0,0,CDA
Anloo,0,0,0,0,0,0,CDA
Anloo,0,0,0,0,0,0,CDA
Anloo,0,0,0,0,0,0,CDA
Anna Paulowna,0,0,0,0,0,1,VVD
Anna Paulowna,0,0,0,0,0,1,VVD
Anna Paulowna,0,0,0,0,0,0,CDA
Apeldoorn,0,1,0,0,0,0,PVDA
Apeldoorn,0,0,0,0,0,1,VVD
Apeldoorn,0,0,0,0,0,0,CDA
Appingedam,0,1,0,0,0,0,PVDA
Appingedam,0,1,0,0,0,0,PVDA
Appingedam,0,1,0,0,0,0,PVDA
Arcen en Velden,0,0,0,0,0,0,CDA
Arcen en Velden,0,0,0,0,0,0,CDA
Arcen en Velden,0,0,0,0,0,0,CDA
Arnemuiden,0,0,0,0,0,0,CDA
Arnemuiden,0,0,0,0,0,0,CDA
Arnemuiden,0,0,0,0,0,0,CDA
Arnhem,0,1,0,0,0,0,PVDA
Arnhem,0,1,0,0,0,0,PVDA
Arnhem,0,1,0,0,0,0,PVDA
Assen,0,1,0,0,0,0,PVDA
Assen,0,0,0,0,0,0,CDA
Assen,0,1,0,0,0,0,PVDA
Asten,1,0,0,0,0,1,CDA
Asten,1,0,0,0,0,1,CDA
Asten,1,0,0,0,0,1,CDA
Avereest,0,0,0,0,0,0,CDA
Avereest,0,0,0,0,0,0,CDA
Avereest,0,0,0,0,0,0,CDA
Axel,0,0,0,0,0,0,CDA
Axel,0,0,0,0,0,0,CDA
Axel,0,0,0,0,0,0,CDA
Baarle-Nassau,1,0,0,0,0,0,CDA
Baarle-Nassau,1,0,0,0,0,0,CDA
Baarle-Nassau,1,0,0,0,0,0,CDA
Baarn,0,0,0,0,0,1,VVD
Baarn,0,0,0,0,0,1,VVD
Baarn,0,0,0,0,0,1,VVD
Bakel en Milheeze,0,0,0,0,0,0,CDA
Bakel en Milheeze,0,0,0,0,0,0,CDA
Bakel en Milheeze,0,0,0,0,0,0,CDA
Barendrecht,0,0,0,0,0,1,VVD
Barendrecht,0,0,0,0,0,1,VVD
Barendrecht,0,0,0,0,0,1,VVD
Barneveld,1,0,0,0,0,0,CDA
Barneveld,1,0,0,0,0,1,CDA
Barneveld,1,0,0,0,0,0,CDA
Bathmen,0,0,0,0,0,0,CDA
Bathmen,0,0,0,0,0,0,CDA
Bathmen,0,0,0,0,0,0,CDA
Bedum,0,1,0,0,0,0,PVDA
Bedum,0,0,0,0,0,0,CDA
Bedum,0,0,0,0,0,0,CDA
Beek (L.),0,0,0,0,0,0,CDA
Beek (L.),0,0,0,0,0,1,VVD
Beek (L.),0,0,0,0,0,0,CDA
Beek en Donk,0,0,0,0,0,0,CDA
Beek en Donk,0,0,0,0,0,0,CDA
Beek en Donk,0,0,0,0,0,0,CDA
Beemster,0,0,0,0,0,1,VVD
Beemster,0,0,0,0,0,1,VVD
Beemster,0,0,0,0,0,1,VVD
Beesel,0,0,1,0,0,0,PVV
Beesel,0,0,1,0,0,0,PVV
Beesel,0,0,1,0,0,0,PVV
Beilen,0,0,0,0,0,0,CDA
Beilen,0,0,0,0,0,0,CDA
Beilen,0,0,0,0,0,0,CDA
Belfeld,0,0,0,0,0,0,CDA
Belfeld,0,0,0,0,0,0,CDA
Belfeld,0,0,0,0,0,0,CDA
Bellingwedde,0,0,0,0,0,0,CDA
Bellingwedde,0,0,0,0,0,0,CDA
Bellingwedde,0,0,0,0,0,0,CDA
Bemmel,0,0,0,0,0,0,CDA
Bemmel,0,0,0,0,0,0,CDA
Bemmel,0,0,0,0,0,0,CDA
Bennebroek,0,0,0,0,0,0,CDA
Bennebroek,0,0,0,0,0,0,CDA
Bennebroek,0,0,0,0,0,0,CDA
Berg en Dal,0,0,0,0,0,0,CDA
Berg en Dal,0,0,0,0,0,0,CDA
Berg en Dal,0,0,0,0,0,0,CDA
Bergambacht,0,0,0,0,0,1,VVD
Bergambacht,0,0,0,0,0,1,VVD
Bergambacht,0,0,0,0,0,1,VVD
Bergeijk,1,0,0,0,0,0,CDA
Bergeijk,1,0,0,0,0,1,CDA
Bergeijk,1,0,0,0,0,0,CDA
Bergen (L.),0,0,0,0,0,0,CDA
Bergen (L.),0,0,1,0,0,0,PVV
Bergen (L.),0,0,1,0,0,0,PVV
Bergen (NH.),0,0,0,0,0,1,VVD
Bergen (NH.),0,0,0,0,0,1,VVD
Bergen (NH.),0,0,0,0,0,1,VVD
Bergen op Zoom,0,0,1,0,0,0,PVV
Bergen op Zoom,0,0,1,0,0,1,PVV
Bergen op Zoom,0,0,1,0,0,0,PVV
Bergeyk,0,0,0,0,0,0,CDA
Bergeyk,0,0,0,0,0,0,CDA
Bergeyk,0,0,0,0,0,0,CDA
Bergh,0,0,0,0,0,0,CDA
Bergh,0,0,0,0,0,0,CDA
Bergh,0,0,0,0,0,0,CDA
Bergschenhoek,0,0,0,0,0,0,CDA
Bergschenhoek,0,0,0,0,0,0,CDA
Bergschenhoek,0,0,0,0,0,0,CDA
Berkel en Rodenrijs,0,0,0,0,0,0,CDA
Berkel en Rodenrijs,0,0,0,0,0,0,CDA
Berkel en Rodenrijs,0,0,0,0,0,0,CDA
Berkel-Enschot,0,0,0,0,0,0,CDA
Berkel-Enschot,0,0,0,0,0,0,CDA
Berkel-Enschot,0,0,0,0,0,0,CDA
Berkelland,0,0,0,0,0,0,CDA
Berkelland,0,0,0,0,0,1,VVD
Berkelland,1,0,0,0,0,0,CDA
Berlicum,0,0,0,0,0,0,CDA
Berlicum,0,0,0,0,0,0,CDA
Berlicum,0,0,0,0,0,0,CDA
Bernheze,1,0,0,0,0,1,CDA
Bernheze,1,0,0,0,0,1,CDA
Bernheze,1,0,0,0,0,0,CDA
Bernisse,0,0,0,0,0,1,VVD
Bernisse,0,0,0,0,0,1,VVD
Bernisse,0,0,0,0,0,1,VVD
Best,0,0,0,0,0,1,VVD
Best,0,0,0,0,0,1,VVD
Best,0,0,0,0,0,1,VVD
Beuningen,0,0,0,0,0,1,VVD
Beuningen,0,0,0,0,0,1,VVD
Beuningen,0,0,0,0,0,1,VVD
Beverwijk,0,0,0,0,0,1,VVD
Beverwijk,0,0,0,0,0,1,VVD
Beverwijk,0,0,0,0,0,0,CDA
het Bildt,1,0,0,0,0,0,CDA
het Bildt,1,0,0,0,0,0,CDA
het Bildt,1,0,0,0,0,0,CDA
De Bilt,0,0,0,0,0,1,VVD
De Bilt,0,0,0,0,0,1,VVD
De Bilt,0,0,0,0,0,1,VVD
Binnenmaas,0,0,0,0,0,1,VVD
Binnenmaas,0,0,0,0,0,1,VVD
Binnenmaas,0,0,0,0,0,1,VVD
Bladel,1,0,0,0,0,1,CDA
Bladel,1,0,0,0,0,1,CDA
Bladel,1,0,0,0,0,1,CDA
Bladel en Netersel,0,0,0,0,0,0,CDA
Bladel en Netersel,0,0,0,0,0,0,CDA
Bladel en Netersel,0,0,0,0,0,0,CDA
Blaricum,0,0,0,0,0,1,VVD
Blaricum,0,0,0,0,0,1,VVD
Blaricum,0,0,0,0,0,1,VVD
Bleiswijk,0,0,0,0,0,0,CDA
Bleiswijk,0,0,0,0,0,0,CDA
Bleiswijk,0,0,0,0,0,0,CDA
Bloemendaal,0,0,0,0,0,1,VVD
Bloemendaal,0,0,0,0,0,1,VVD
Bloemendaal,0,0,0,0,0,1,VVD
Boarnsterhim,0,1,0,0,0,0,PVDA
Boarnsterhim,0,0,0,0,0,1,VVD
Boarnsterhim,0,0,0,0,0,0,CDA
Bodegraven,0,0,0,0,0,1,VVD
Bodegraven,0,0,0,0,0,0,CDA
Bodegraven,0,0,0,0,0,0,CDA
Bodegraven-Reeuwijk,0,0,0,0,0,0,CDA
Bodegraven-Reeuwijk,0,0,0,0,0,1,VVD
Bodegraven-Reeuwijk,0,0,0,0,0,1,VVD
Boekel,1,0,0,0,0,0,CDA
Boekel,1,0,0,0,0,0,CDA
Boekel,1,0,0,0,0,0,CDA
Ten Boer,0,1,0,0,0,0,PVDA
Ten Boer,0,0,0,0,0,0,CDA
Ten Boer,0,0,0,0,0,0,CDA
Bolsward,0,1,0,0,0,0,PVDA
Bolsward,0,0,0,0,0,0,CDA
Bolsward,0,0,0,0,0,0,CDA
Borculo,0,0,0,0,0,0,CDA
Borculo,0,0,0,0,0,0,CDA
Borculo,0,0,0,0,0,0,CDA
Borger,0,0,0,0,0,0,CDA
Borger,0,0,0,0,0,0,CDA
Borger,0,0,0,0,0,0,CDA
Borger-Odoorn,0,1,0,0,0,0,PVDA
Borger-Odoorn,0,1,0,0,0,0,PVDA
Borger-Odoorn,0,1,0,0,0,0,PVDA
Born,0,0,0,0,0,0,CDA
Born,0,0,0,0,0,0,CDA
Born,0,0,0,0,0,0,CDA
Borne,0,0,0,0,0,1,VVD
Borne,0,0,0,0,0,1,VVD
Borne,0,0,0,0,0,1,VVD
Borsele,1,0,0,0,0,0,CDA
Borsele,1,0,0,0,0,1,CDA
Borsele,1,0,0,0,0,0,CDA
Boskoop,0,0,0,0,0,1,VVD
Boskoop,0,0,0,0,0,1,VVD
Boskoop,0,0,0,0,0,1,VVD
Boxmeer,0,0,0,0,1,0,SP
Boxmeer,1,0,0,0,1,0,CDA
Boxmeer,1,0,0,0,1,0,CDA
Boxtel,0,0,0,0,0,1,VVD
Boxtel,0,0,0,0,0,1,VVD
Boxtel,0,0,0,0,0,1,VVD
Brakel,0,0,0,0,0,0,CDA
Brakel,0,0,0,0,0,0,CDA
Brakel,0,0,0,0,0,0,CDA
Breda,0,0,0,0,0,1,VVD
Breda,0,0,0,0,0,1,VVD
Breda,0,0,0,0,0,1,VVD
Brederwiede,0,0,0,0,0,0,CDA
Brederwiede,0,0,0,0,0,0,CDA
Brederwiede,0,0,0,0,0,0,CDA
Breukelen,0,0,0,0,0,1,VVD
Breukelen,0,0,0,0,0,0,CDA
Breukelen,0,0,0,0,0,0,CDA
Brielle,0,0,0,0,0,1,VVD
Brielle,0,0,0,0,0,1,VVD
Brielle,0,0,0,0,0,1,VVD
Broekhuizen,0,0,0,0,0,0,CDA
Broekhuizen,0,0,0,0,0,0,CDA
Broekhuizen,0,0,0,0,0,0,CDA
Bronckhorst,0,0,0,0,0,1,VVD
Bronckhorst,0,0,0,0,0,1,VVD
Bronckhorst,0,0,0,0,0,0,CDA
Brouwershaven,0,0,0,0,0,0,CDA
Brouwershaven,0,0,0,0,0,0,CDA
Brouwershaven,0,0,0,0,0,0,CDA
Bruinisse,0,0,0,0,0,0,CDA
Bruinisse,0,0,0,0,0,0,CDA
Bruinisse,0,0,0,0,0,0,CDA
Brummen,0,1,0,0,0,1,PVDA
Brummen,0,0,0,0,0,1,VVD
Brummen,0,0,0,0,0,0,CDA
Brunssum,0,0,1,0,0,0,PVV
Brunssum,0,0,1,0,0,0,PVV
Brunssum,0,0,1,0,0,0,PVV
Budel,0,0,0,0,0,0,CDA
Budel,0,0,0,0,0,0,CDA
Budel,0,0,0,0,0,0,CDA
Bunnik,0,0,0,0,0,1,VVD
Bunnik,0,0,0,0,0,1,VVD
Bunnik,0,0,0,0,0,1,VVD
Bunschoten,1,0,0,0,0,0,CDA
Bunschoten,1,0,0,0,0,0,CDA
Bunschoten,1,0,0,0,0,0,CDA
Buren,0,0,0,0,0,1,VVD
Buren,0,0,0,0,0,1,VVD
Buren,0,0,0,0,0,1,VVD
Bussum,0,0,0,0,0,1,VVD
Bussum,0,0,0,0,0,1,VVD
Bussum,0,0,0,0,0,1,VVD
Capelle aan den IJssel,0,0,0,0,0,1,VVD
Capelle aan den IJssel,0,0,0,0,0,1,VVD
Capelle aan den IJssel,0,0,0,0,0,1,VVD
Castricum,0,0,0,0,0,1,VVD
Castricum,0,0,0,0,0,1,VVD
Castricum,0,0,0,0,0,1,VVD
Chaam,0,0,0,0,0,0,CDA
Chaam,0,0,0,0,0,0,CDA
Chaam,0,0,0,0,0,0,CDA
Coevorden,0,1,0,0,0,0,PVDA
Coevorden,0,1,0,0,0,0,PVDA
Coevorden,0,0,0,0,0,0,CDA
Cothen,0,0,0,0,0,0,CDA
Cothen,0,0,0,0,0,0,CDA
Cothen,0,0,0,0,0,0,CDA
Cranendonck,0,0,0,0,0,0,CDA
Cranendonck,0,0,0,0,0,1,VVD
Cranendonck,0,0,0,0,0,0,CDA
Cromstrijen,0,0,0,0,0,1,VVD
Cromstrijen,0,0,0,0,0,1,VVD
Cromstrijen,0,0,0,0,0,1,VVD
Cuijk,0,0,0,0,1,0,SP
Cuijk,0,0,0,0,1,0,SP
Cuijk,0,0,0,0,1,0,SP
Culemborg,0,0,0,0,0,1,VVD
Culemborg,0,0,0,0,0,1,VVD
Culemborg,0,0,0,0,0,1,VVD
Dalen,0,0,0,0,0,0,CDA
Dalen,0,0,0,0,0,0,CDA
Dalen,0,0,0,0,0,0,CDA
Dalfsen,1,0,0,0,0,0,CDA
Dalfsen,1,0,0,0,0,1,CDA
Dalfsen,1,0,0,0,0,0,CDA
Dantumadeel,0,0,0,0,0,0,CDA
Dantumadeel,0,0,0,0,0,0,CDA
Dantumadeel,0,0,0,0,0,0,CDA
Dantumadiel,1,0,0,0,0,0,CDA
Dantumadiel,1,0,0,0,0,0,CDA
Dantumadiel,1,0,0,0,0,0,CDA
Delft,0,1,0,0,0,0,PVDA
Delft,0,0,0,0,0,0,CDA
Delft,0,0,0,0,0,0,CDA
Delfzijl,0,1,0,0,0,0,PVDA
Delfzijl,0,1,0,0,0,0,PVDA
Delfzijl,0,1,0,0,0,0,PVDA
Denekamp,0,0,0,0,0,0,CDA
Denekamp,0,0,0,0,0,0,CDA
Denekamp,0,0,0,0,0,0,CDA
Deurne,1,0,0,0,0,0,CDA
Deurne,1,0,0,0,0,0,CDA
Deurne,1,0,0,0,0,0,CDA
Deventer,0,1,0,0,0,0,PVDA
Deventer,0,1,0,0,0,0,PVDA
Deventer,0,1,0,0,0,0,PVDA
Didam,0,0,0,0,0,0,CDA
Didam,0,0,0,0,0,0,CDA
Didam,0,0,0,0,0,0,CDA
Diemen,0,0,0,0,0,0,CDA
Diemen,0,0,0,0,0,0,CDA
Diemen,0,0,0,0,0,0,CDA
Diepenheim,0,0,0,0,0,0,CDA
Diepenheim,0,0,0,0,0,0,CDA
Diepenheim,0,0,0,0,0,0,CDA
Diepenveen,0,0,0,0,0,0,CDA
Diepenveen,0,0,0,0,0,0,CDA
Diepenveen,0,0,0,0,0,0,CDA
Diessen,0,0,0,0,0,0,CDA
Diessen,0,0,0,0,0,0,CDA
Diessen,0,0,0,0,0,0,CDA
Diever,0,0,0,0,0,0,CDA
Diever,0,0,0,0,0,0,CDA
Diever,0,0,0,0,0,0,CDA
Dinkelland,1,0,0,0,0,0,CDA
Dinkelland,1,0,0,0,0,0,CDA
Dinkelland,1,0,0,0,0,0,CDA
Dinteloord en Prinsenland,0,0,0,0,0,0,CDA
Dinteloord en Prinsenland,0,0,0,0,0,0,CDA
Dinteloord en Prinsenland,0,0,0,0,0,0,CDA
Dinxperlo,0,0,0,0,0,0,CDA
Dinxperlo,0,0,0,0,0,0,CDA
Dinxperlo,0,0,0,0,0,0,CDA
Dirksland,0,0,0,1,0,0,SGP
Dirksland,0,0,0,1,0,0,SGP
Dirksland,0,0,0,1,0,0,SGP
Dodewaard,0,0,0,0,0,0,CDA
Dodewaard,0,0,0,0,0,0,CDA
Dodewaard,0,0,0,0,0,0,CDA
Doesburg,0,1,0,0,0,0,PVDA
Doesburg,0,1,0,0,0,0,PVDA
Doesburg,0,0,0,0,0,1,VVD
Doetinchem,0,1,0,0,0,0,PVDA
Doetinchem,0,0,0,0,0,1,VVD
Doetinchem,0,1,0,0,0,0,PVDA
Domburg,0,0,0,0,0,0,CDA
Domburg,0,0,0,0,0,0,CDA
Domburg,0,0,0,0,0,0,CDA
Dongen,0,0,0,0,0,1,VVD
Dongen,0,0,0,0,0,1,VVD
Dongen,0,0,0,0,0,0,CDA
Dongeradeel,1,0,0,0,0,0,CDA
Dongeradeel,1,0,0,0,0,0,CDA
Dongeradeel,1,0,0,0,0,0,CDA
Doorn,0,0,0,0,0,0,CDA
Doorn,0,0,0,0,0,0,CDA
Doorn,0,0,0,0,0,0,CDA
Dordrecht,0,1,0,0,0,0,PVDA
Dordrecht,0,1,0,0,0,0,PVDA
Dordrecht,0,0,0,0,0,0,CDA
Drechterland,0,0,0,0,0,1,VVD
Drechterland,0,0,0,0,0,1,VVD
Drechterland,0,0,0,0,0,0,CDA
Driebergen-Rijsenburg,0,0,0,0,0,0,CDA
Driebergen-Rijsenburg,0,0,0,0,0,0,CDA
Driebergen-Rijsenburg,0,0,0,0,0,0,CDA
Drimmelen,0,0,0,0,0,1,VVD
Drimmelen,0,0,0,0,0,1,VVD
Drimmelen,0,0,0,0,0,1,VVD
Dronten,0,0,0,0,0,0,CDA
Dronten,0,0,0,0,0,1,VVD
Dronten,0,0,0,0,0,0,CDA
Drunen,0,0,0,0,0,0,CDA
Drunen,0,0,0,0,0,0,CDA
Drunen,0,0,0,0,0,0,CDA
Druten,0,0,0,0,0,1,VVD
Druten,1,0,0,0,0,1,CDA
Druten,0,0,0,0,0,1,VVD
Duiveland,0,0,0,0,0,0,CDA
Duiveland,0,0,0,0,0,0,CDA
Duiveland,0,0,0,0,0,0,CDA
Duiven,0,0,0,0,0,1,VVD
Duiven,0,0,0,0,0,1,VVD
Duiven,0,0,0,0,0,0,CDA
Den Dungen,0,0,0,0,0,0,CDA
Den Dungen,0,0,0,0,0,0,CDA
Den Dungen,0,0,0,0,0,0,CDA
Dussen,0,0,0,0,0,0,CDA
Dussen,0,0,0,0,0,0,CDA
Dussen,0,0,0,0,0,0,CDA
Dwingeloo,0,0,0,0,0,0,CDA
Dwingeloo,0,0,0,0,0,0,CDA
Dwingeloo,0,0,0,0,0,0,CDA
Echt,0,0,0,0,0,0,CDA
Echt,0,0,0,0,0,0,CDA
Echt,0,0,0,0,0,0,CDA
Echteld,0,0,0,0,0,0,CDA
Echteld,0,0,0,0,0,0,CDA
Echteld,0,0,0,0,0,0,CDA
Echt-Susteren,0,0,1,0,0,0,PVV
Echt-Susteren,0,0,0,0,0,1,VVD
Echt-Susteren,0,0,0,0,0,1,VVD
Edam-Volendam,0,0,0,0,0,1,VVD
Edam-Volendam,0,0,0,0,0,1,VVD
Edam-Volendam,0,0,0,0,0,1,VVD
Ede,0,0,0,0,0,1,VVD
Ede,0,0,0,0,0,1,VVD
Ede,0,0,0,0,0,0,CDA
Eelde,0,0,0,0,0,0,CDA
Eelde,0,0,0,0,0,0,CDA
Eelde,0,0,0,0,0,0,CDA
Eemnes,0,0,0,0,0,1,VVD
Eemnes,0,0,0,0,0,1,VVD
Eemnes,0,0,0,0,0,1,VVD
Eemsmond,0,1,0,0,0,0,PVDA
Eemsmond,0,1,0,0,0,0,PVDA
Eemsmond,1,1,0,0,0,0,CDA
Eersel,1,0,0,0,0,0,CDA
Eersel,1,0,0,0,0,1,CDA
Eersel,1,0,0,0,0,1,CDA
Egmond,0,0,0,0,0,0,CDA
Egmond,0,0,0,0,0,0,CDA
Egmond,0,0,0,0,0,0,CDA
Eibergen,0,0,0,0,0,0,CDA
Eibergen,0,0,0,0,0,0,CDA
Eibergen,0,0,0,0,0,0,CDA
Eijsden,0,0,1,0,0,0,PVV
Eijsden,0,0,0,0,0,0,CDA
Eijsden,0,0,0,0,0,0,CDA
Eijsden-Margraten,0,0,0,0,0,0,CDA
Eijsden-Margraten,0,0,1,0,0,0,PVV
Eijsden-Margraten,0,0,1,0,0,0,PVV
Eindhoven,0,1,0,0,0,0,PVDA
Eindhoven,0,1,0,0,0,0,PVDA
Eindhoven,0,0,0,0,0,0,CDA
Elburg,1,0,0,0,0,0,CDA
Elburg,1,0,0,0,0,1,CDA
Elburg,1,0,0,0,0,0,CDA
Elst,0,0,0,0,0,0,CDA
Elst,0,0,0,0,0,0,CDA
Elst,0,0,0,0,0,0,CDA
Emmen,0,1,0,0,0,0,PVDA
Emmen,0,1,0,0,0,0,PVDA
Emmen,0,0,0,0,0,0,CDA
Enkhuizen,0,1,0,0,0,1,PVDA
Enkhuizen,0,0,0,0,0,1,VVD
Enkhuizen,0,0,0,0,0,1,VVD
Enschede,0,1,0,0,0,0,PVDA
Enschede,0,1,0,0,0,0,PVDA
Enschede,0,0,0,0,0,0,CDA
Epe,0,0,0,0,0,1,VVD
Epe,0,0,0,0,0,1,VVD
Epe,0,0,0,0,0,0,CDA
Ermelo,0,1,0,0,0,0,PVDA
Ermelo,0,0,0,0,0,1,VVD
Ermelo,0,0,0,0,0,0,CDA
Esch,0,0,0,0,0,0,CDA
Esch,0,0,0,0,0,0,CDA
Esch,0,0,0,0,0,0,CDA
Etten-Leur,0,0,0,0,0,1,VVD
Etten-Leur,0,0,0,0,0,1,VVD
Etten-Leur,0,0,0,0,0,1,VVD
Ferwerderadeel,0,0,0,0,0,0,CDA
Ferwerderadeel,0,0,0,0,0,0,CDA
Ferwerderadeel,0,0,0,0,0,0,CDA
Ferwerderadiel,1,0,0,0,0,0,CDA
Ferwerderadiel,1,0,0,0,0,0,CDA
Ferwerderadiel,1,0,0,0,0,0,CDA
Fijnaart en Heijningen,0,0,0,0,0,0,CDA
Fijnaart en Heijningen,0,0,0,0,0,0,CDA
Fijnaart en Heijningen,0,0,0,0,0,0,CDA
Franekeradeel,0,1,0,0,0,0,PVDA
Franekeradeel,0,1,0,0,0,0,PVDA
Franekeradeel,1,1,0,0,0,0,CDA
De Friese Meren,0,0,0,0,0,0,CDA
De Friese Meren,0,0,0,0,0,0,CDA
De Friese Meren,0,0,0,0,0,0,CDA
De Fryske Marren,0,0,0,0,0,0,CDA
De Fryske Marren,0,0,0,0,0,0,CDA
De Fryske Marren,0,0,0,0,0,0,CDA
Gaasterlân-Sleat,0,0,0,0,0,0,CDA
Gaasterlân-Sleat,0,0,0,0,0,1,VVD
Gaasterlân-Sleat,0,0,0,0,0,0,CDA
Gasselte,0,0,0,0,0,0,CDA
Gasselte,0,0,0,0,0,0,CDA
Gasselte,0,0,0,0,0,0,CDA
Geertruidenberg,0,0,0,0,0,1,VVD
Geertruidenberg,0,0,0,0,0,1,VVD
Geertruidenberg,0,0,0,0,0,0,CDA
Geldermalsen,0,0,0,0,0,1,VVD
Geldermalsen,0,0,0,0,0,1,VVD
Geldermalsen,0,0,0,0,0,1,VVD
Geldrop,0,0,0,0,0,0,CDA
Geldrop,0,0,0,0,0,0,CDA
Geldrop,0,0,0,0,0,0,CDA
Geldrop-Mierlo,0,0,0,0,0,1,VVD
Geldrop-Mierlo,0,0,0,0,0,1,VVD
Geldrop-Mierlo,0,0,0,0,0,1,VVD
Geleen,0,0,0,0,0,0,CDA
Geleen,0,0,0,0,0,0,CDA
Geleen,0,0,0,0,0,0,CDA
Gemert,0,0,0,0,0,0,CDA
Gemert,0,0,0,0,0,0,CDA
Gemert,0,0,0,0,0,0,CDA
Gemert-Bakel,1,0,0,0,0,0,CDA
Gemert-Bakel,1,0,0,0,0,0,CDA
Gemert-Bakel,1,0,0,0,0,0,CDA
Gendringen,0,0,0,0,0,0,CDA
Gendringen,0,0,0,0,0,0,CDA
Gendringen,0,0,0,0,0,0,CDA
Gendt,0,0,0,0,0,0,CDA
Gendt,0,0,0,0,0,0,CDA
Gendt,0,0,0,0,0,0,CDA
Genemuiden,0,0,0,0,0,0,CDA
Genemuiden,0,0,0,0,0,0,CDA
Genemuiden,0,0,0,0,0,0,CDA
Gennep,0,0,0,0,1,0,SP
Gennep,0,0,0,0,1,1,SP
Gennep,0,0,0,0,1,0,SP
Giessenlanden,0,0,0,0,0,1,VVD
Giessenlanden,1,0,0,0,0,1,CDA
Giessenlanden,1,0,0,0,0,0,CDA
Gieten,0,0,0,0,0,0,CDA
Gieten,0,0,0,0,0,0,CDA
Gieten,0,0,0,0,0,0,CDA
Gilze en Rijen,0,0,0,0,0,1,VVD
Gilze en Rijen,0,0,0,0,0,1,VVD
Gilze en Rijen,0,0,0,0,0,0,CDA
Goedereede,0,0,0,1,0,0,SGP
Goedereede,1,0,0,0,0,1,CDA
Goedereede,1,0,0,1,0,0,CDA
Goeree-Overflakkee,0,0,0,0,0,0,CDA
Goeree-Overflakkee,0,0,0,0,0,0,CDA
Goeree-Overflakkee,0,0,0,0,0,0,CDA
Goes,0,1,0,0,0,0,PVDA
Goes,0,0,0,0,0,1,VVD
Goes,0,0,0,0,0,0,CDA
Goirle,0,0,0,0,0,1,VVD
Goirle,0,0,0,0,0,1,VVD
Goirle,0,0,0,0,0,1,VVD
Gooise Meren,0,0,0,0,0,0,CDA
Gooise Meren,0,0,0,0,0,0,CDA
Gooise Meren,0,0,0,0,0,0,CDA
Goor,0,0,0,0,0,0,CDA
Goor,0,0,0,0,0,0,CDA
Goor,0,0,0,0,0,0,CDA
Gorinchem,0,1,0,0,0,0,PVDA
Gorinchem,0,1,0,0,0,1,PVDA
Gorinchem,0,1,0,0,0,0,PVDA
Gorssel,0,0,0,0,0,0,CDA
Gorssel,0,0,0,0,0,0,CDA
Gorssel,0,0,0,0,0,0,CDA
Gouda,0,1,0,0,0,0,PVDA
Gouda,0,0,0,0,0,1,VVD
Gouda,0,0,0,0,0,1,VVD
Graafstroom,1,0,0,0,0,0,CDA
Graafstroom,1,0,0,0,0,0,CDA
Graafstroom,1,0,0,0,0,0,CDA
Graft-De Rijp,0,0,0,0,0,1,VVD
Graft-De Rijp,0,0,0,0,0,1,VVD
Graft-De Rijp,0,0,0,0,0,1,VVD
Gramsbergen,0,0,0,0,0,0,CDA
Gramsbergen,0,0,0,0,0,0,CDA
Gramsbergen,0,0,0,0,0,0,CDA
Grave,0,0,0,0,0,1,VVD
Grave,0,0,0,0,0,1,VVD
Grave,0,0,0,0,0,1,VVD
's-Graveland,0,0,0,0,0,0,CDA
's-Graveland,0,0,0,0,0,0,CDA
's-Graveland,0,0,0,0,0,0,CDA
's-Gravendeel,0,0,0,0,0,0,CDA
's-Gravendeel,0,0,0,0,0,0,CDA
's-Gravendeel,0,0,0,0,0,0,CDA
's-Gravenhage (gemeente),0,0,0,0,0,0,CDA
's-Gravenhage (gemeente),0,0,0,0,0,0,CDA
's-Gravenhage (gemeente),0,0,0,0,0,0,CDA
's-Gravenmoer,0,0,0,0,0,0,CDA
's-Gravenmoer,0,0,0,0,0,0,CDA
's-Gravenmoer,0,0,0,0,0,0,CDA
's-Gravenzande,0,0,0,0,0,0,CDA
's-Gravenzande,0,0,0,0,0,0,CDA
's-Gravenzande,0,0,0,0,0,0,CDA
Groenlo,0,0,0,0,0,0,CDA
Groenlo,0,0,0,0,0,0,CDA
Groenlo,0,0,0,0,0,0,CDA
Groesbeek,0,1,0,0,0,0,PVDA
Groesbeek,0,0,0,0,0,1,VVD
Groesbeek,0,0,0,0,0,0,CDA
Groningen (gemeente),0,1,0,0,0,0,PVDA
Groningen (gemeente),0,1,0,0,0,0,PVDA
Groningen (gemeente),0,1,0,0,0,0,PVDA
Grootegast,1,0,0,0,0,0,CDA
Grootegast,1,0,0,0,0,0,CDA
Grootegast,1,0,0,0,0,0,CDA
Grubbenvorst,0,0,0,0,0,0,CDA
Grubbenvorst,0,0,0,0,0,0,CDA
Grubbenvorst,0,0,0,0,0,0,CDA
Gulpen,0,0,0,0,0,0,CDA
Gulpen,0,0,0,0,0,0,CDA
Gulpen,0,0,0,0,0,0,CDA
Gulpen-Wittem,0,0,1,0,0,0,PVV
Gulpen-Wittem,0,0,1,0,0,1,PVV
Gulpen-Wittem,1,0,1,0,0,0,CDA
Haaksbergen,1,0,0,0,0,0,CDA
Haaksbergen,1,0,0,0,0,1,CDA
Haaksbergen,1,0,0,0,0,0,CDA
Haaren,1,0,0,0,0,0,CDA
Haaren,1,0,0,0,0,0,CDA
Haaren,1,0,0,0,0,0,CDA
Haarlem,0,1,0,0,0,0,PVDA
Haarlem,0,0,0,0,0,0,CDA
Haarlem,0,0,0,0,0,0,CDA
Haarlemmerliede en Spaarnwoude,0,0,0,0,0,1,VVD
Haarlemmerliede en Spaarnwoude,0,0,0,0,0,1,VVD
Haarlemmerliede en Spaarnwoude,0,0,0,0,0,1,VVD
Haarlemmermeer,0,0,0,0,0,1,VVD
Haarlemmermeer,0,0,0,0,0,1,VVD
Haarlemmermeer,0,0,0,0,0,1,VVD
Haelen,0,0,0,0,0,0,CDA
Haelen,0,0,0,0,0,0,CDA
Haelen,0,0,0,0,0,0,CDA
Halderberge,0,0,1,0,0,1,PVV
Halderberge,0,0,1,0,0,1,PVV
Halderberge,0,0,0,0,0,1,VVD
Halsteren,0,0,0,0,0,0,CDA
Halsteren,0,0,0,0,0,0,CDA
Halsteren,0,0,0,0,0,0,CDA
Den Ham,0,0,0,0,0,0,CDA
Den Ham,0,0,0,0,0,0,CDA
Den Ham,0,0,0,0,0,0,CDA
Hardenberg,1,0,0,0,0,0,CDA
Hardenberg,1,0,0,0,0,0,CDA
Hardenberg,1,0,0,0,0,0,CDA
Harderwijk,0,0,0,0,0,1,VVD
Harderwijk,0,0,0,0,0,1,VVD
Harderwijk,0,0,0,0,0,0,CDA
Hardinxveld-Giessendam,1,0,0,1,0,0,CDA
Hardinxveld-Giessendam,1,0,0,1,0,0,CDA
Hardinxveld-Giessendam,1,0,0,1,0,0,CDA
Haren,0,1,0,0,0,1,PVDA
Haren,0,0,0,0,0,1,VVD
Haren,0,0,0,0,0,1,VVD
Harenkarspel,0,0,0,0,0,1,VVD
Harenkarspel,0,0,0,0,0,1,VVD
Harenkarspel,0,0,0,0,0,1,VVD
Harlingen,0,1,0,0,0,0,PVDA
Harlingen,0,1,0,0,0,0,PVDA
Harlingen,0,1,0,0,0,0,PVDA
Harmelen,0,0,0,0,0,0,CDA
Harmelen,0,0,0,0,0,0,CDA
Harmelen,0,0,0,0,0,0,CDA
Hasselt,0,0,0,0,0,0,CDA
Hasselt,0,0,0,0,0,0,CDA
Hasselt,0,0,0,0,0,0,CDA
Hattem,0,0,0,0,0,0,CDA
Hattem,1,0,0,0,0,1,CDA
Hattem,0,0,0,0,0,1,VVD
Havelte,0,0,0,0,0,0,CDA
Havelte,0,0,0,0,0,0,CDA
Havelte,0,0,0,0,0,0,CDA
Hedel,0,0,0,0,0,0,CDA
Hedel,0,0,0,0,0,0,CDA
Hedel,0,0,0,0,0,0,CDA
Heel,0,0,0,0,0,0,CDA
Heel,0,0,0,0,0,0,CDA
Heel,0,0,0,0,0,0,CDA
Heemskerk,0,0,0,0,0,1,VVD
Heemskerk,0,0,0,0,0,1,VVD
Heemskerk,0,0,0,0,0,1,VVD
Heemstede,0,0,0,0,0,1,VVD
Heemstede,0,0,0,0,0,1,VVD
Heemstede,0,0,0,0,0,1,VVD
Heerde,1,0,0,0,0,0,CDA
Heerde,1,0,0,0,0,1,CDA
Heerde,1,0,0,0,0,1,CDA
Heerenveen,0,1,0,0,0,0,PVDA
Heerenveen,0,1,0,0,0,0,PVDA
Heerenveen,0,1,0,0,0,0,PVDA
Heerewaarden,0,0,0,0,0,0,CDA
Heerewaarden,0,0,0,0,0,0,CDA
Heerewaarden,0,0,0,0,0,0,CDA
Heerhugowaard,0,0,0,0,0,1,VVD
Heerhugowaard,0,0,0,0,0,1,VVD
Heerhugowaard,0,0,0,0,0,1,VVD
Heerjansdam,0,0,0,0,0,0,CDA
Heerjansdam,0,0,0,0,0,0,CDA
Heerjansdam,0,0,0,0,0,0,CDA
Heerlen,0,0,1,0,0,0,PVV
Heerlen,0,0,1,0,0,0,PVV
Heerlen,0,0,1,0,0,0,PVV
Heesch,0,0,0,0,0,0,CDA
Heesch,0,0,0,0,0,0,CDA
Heesch,0,0,0,0,0,0,CDA
Heeze,0,0,0,0,0,0,CDA
Heeze,0,0,0,0,0,0,CDA
Heeze,0,0,0,0,0,0,CDA
Heeze-Leende,0,0,0,0,0,1,VVD
Heeze-Leende,0,0,0,0,0,1,VVD
Heeze-Leende,0,0,0,0,0,1,VVD
Heiloo,0,0,0,0,0,1,VVD
Heiloo,0,0,0,0,0,1,VVD
Heiloo,0,0,0,0,0,1,VVD
Heino,0,0,0,0,0,0,CDA
Heino,0,0,0,0,0,0,CDA
Heino,0,0,0,0,0,0,CDA
Helden,0,0,0,0,0,0,CDA
Helden,0,0,0,0,0,0,CDA
Helden,0,0,0,0,0,0,CDA
Den Helder,0,0,1,0,0,0,PVV
Den Helder,0,0,1,0,0,1,PVV
Den Helder,0,0,0,0,0,0,CDA
Hellendoorn,1,0,0,0,0,0,CDA
Hellendoorn,1,0,0,0,0,1,CDA
Hellendoorn,1,0,0,0,0,0,CDA
Hellevoetsluis,0,0,0,0,0,1,VVD
Hellevoetsluis,0,0,0,0,0,1,VVD
Hellevoetsluis,0,0,0,0,0,1,VVD
Helmond,0,0,1,0,0,0,PVV
Helmond,0,0,1,0,0,1,PVV
Helmond,0,0,1,0,0,0,PVV
Helvoirt,0,0,0,0,0,0,CDA
Helvoirt,0,0,0,0,0,0,CDA
Helvoirt,0,0,0,0,0,0,CDA
Hendrik-Ido-Ambacht,0,0,0,0,0,1,VVD
Hendrik-Ido-Ambacht,0,0,0,0,0,1,VVD
Hendrik-Ido-Ambacht,0,0,0,0,0,1,VVD
Hengelo (Gld.),0,0,0,0,0,0,CDA
Hengelo (Gld.),0,0,0,0,0,0,CDA
Hengelo (Gld.),0,0,0,0,0,0,CDA
Hengelo (O.),0,1,0,0,0,0,PVDA
Hengelo (O.),0,1,0,0,0,0,PVDA
Hengelo (O.),0,1,0,0,0,0,PVDA
's-Hertogenbosch,0,0,0,0,0,1,VVD
's-Hertogenbosch,0,0,0,0,0,1,VVD
's-Hertogenbosch,0,0,0,0,0,0,CDA
Heteren,0,0,0,0,0,0,CDA
Heteren,0,0,0,0,0,0,CDA
Heteren,0,0,0,0,0,0,CDA
Heumen,0,0,0,0,0,1,VVD
Heumen,0,0,0,0,0,1,VVD
Heumen,0,0,0,0,0,0,CDA
Heusden,0,0,0,0,0,1,VVD
Heusden,0,0,0,0,0,1,VVD
Heusden,0,0,0,0,0,1,VVD
Heythuysen,0,0,0,0,0,0,CDA
Heythuysen,0,0,0,0,0,0,CDA
Heythuysen,0,0,0,0,0,0,CDA
Hillegom,0,0,0,0,0,1,VVD
Hillegom,0,0,0,0,0,1,VVD
Hillegom,0,0,0,0,0,1,VVD
Hilvarenbeek,1,0,0,0,0,0,CDA
Hilvarenbeek,1,0,0,0,0,1,CDA
Hilvarenbeek,1,0,0,0,0,0,CDA
Hilversum,0,0,0,0,0,1,VVD
Hilversum,0,0,0,0,0,1,VVD
Hilversum,0,0,0,0,0,0,CDA
Hoevelaken,0,0,0,0,0,0,CDA
Hoevelaken,0,0,0,0,0,0,CDA
Hoevelaken,0,0,0,0,0,0,CDA
Hoeven,0,0,0,0,0,0,CDA
Hoeven,0,0,0,0,0,0,CDA
Hoeven,0,0,0,0,0,0,CDA
Hof van Twente,1,0,0,0,0,0,CDA
Hof van Twente,1,0,0,0,0,0,CDA
Hof van Twente,1,0,0,0,0,0,CDA
Hollands Kroon,0,0,0,0,0,0,CDA
Hollands Kroon,0,0,0,0,0,0,CDA
Hollands Kroon,0,0,0,0,0,1,VVD
Holten,0,0,0,0,0,0,CDA
Holten,0,0,0,0,0,0,CDA
Holten,0,0,0,0,0,0,CDA
Hontenisse,0,0,0,0,0,0,CDA
Hontenisse,0,0,0,0,0,0,CDA
Hontenisse,0,0,0,0,0,0,CDA
Hooge en Lage Mierde,0,0,0,0,0,0,CDA
Hooge en Lage Mierde,0,0,0,0,0,0,CDA
Hooge en Lage Mierde,0,0,0,0,0,0,CDA
Hooge en Lage Zwaluwe,0,0,0,0,0,0,CDA
Hooge en Lage Zwaluwe,0,0,0,0,0,0,CDA
Hooge en Lage Zwaluwe,0,0,0,0,0,0,CDA
Hoogeloon. Hapert en Casteren,0,0,0,0,0,0,CDA
Hoogeloon. Hapert en Casteren,0,0,0,0,0,0,CDA
Hoogeloon. Hapert en Casteren,0,0,0,0,0,0,CDA
Hoogeveen,1,0,0,0,0,0,CDA
Hoogeveen,1,0,0,0,0,0,CDA
Hoogeveen,1,0,0,0,0,0,CDA
Hoogezand-Sappemeer,0,1,0,0,0,0,PVDA
Hoogezand-Sappemeer,0,1,0,0,0,0,PVDA
Hoogezand-Sappemeer,0,1,0,0,0,0,PVDA
Hoorn,0,0,0,0,0,1,VVD
Hoorn,0,0,0,0,0,1,VVD
Hoorn,0,0,0,0,0,0,CDA
Horst,0,0,0,0,0,0,CDA
Horst,0,0,0,0,0,0,CDA
Horst,0,0,0,0,0,0,CDA
Horst aan de Maas,1,0,0,0,0,0,CDA
Horst aan de Maas,1,0,0,0,0,0,CDA
Horst aan de Maas,1,0,0,0,1,0,CDA
Houten,0,0,0,0,0,1,VVD
Houten,0,0,0,0,0,1,VVD
Houten,0,0,0,0,0,1,VVD
Huijbergen,0,0,0,0,0,0,CDA
Huijbergen,0,0,0,0,0,0,CDA
Huijbergen,0,0,0,0,0,0,CDA
Huissen,0,0,0,0,0,0,CDA
Huissen,0,0,0,0,0,0,CDA
Huissen,0,0,0,0,0,0,CDA
Huizen,0,0,0,0,0,1,VVD
Huizen,0,0,0,0,0,1,VVD
Huizen,0,0,0,0,0,1,VVD
Hulst,0,0,1,0,0,0,PVV
Hulst,0,0,0,0,0,1,VVD
Hulst,0,0,1,0,0,0,PVV
Hummelo en Keppel,0,0,0,0,0,0,CDA
Hummelo en Keppel,0,0,0,0,0,0,CDA
Hummelo en Keppel,0,0,0,0,0,0,CDA
Hunsel,0,0,0,0,0,0,CDA
Hunsel,0,0,0,0,0,0,CDA
Hunsel,0,0,0,0,0,0,CDA
IJsselham,0,0,0,0,0,0,CDA
IJsselham,0,0,0,0,0,0,CDA
IJsselham,0,0,0,0,0,0,CDA
IJsselmuiden,0,0,0,0,0,0,CDA
IJsselmuiden,0,0,0,0,0,0,CDA
IJsselmuiden,0,0,0,0,0,0,CDA
IJsselstein,0,0,0,0,0,1,VVD
IJsselstein,0,0,0,0,0,1,VVD
IJsselstein,0,0,0,0,0,1,VVD
Jacobswoude,0,0,0,0,0,0,CDA
Jacobswoude,0,0,0,0,0,0,CDA
Jacobswoude,0,0,0,0,0,0,CDA
Kaag en Braassem,0,0,0,0,0,1,VVD
Kaag en Braassem,0,0,0,0,0,1,VVD
Kaag en Braassem,0,0,0,0,0,1,VVD
Kampen,1,1,0,0,0,0,CDA
Kampen,1,0,0,0,0,0,CDA
Kampen,1,1,0,0,0,0,CDA
Kapelle,0,0,0,0,0,0,CDA
Kapelle,0,0,0,0,0,1,VVD
Kapelle,0,0,0,0,0,1,VVD
Katwijk,1,0,0,0,0,0,CDA
Katwijk,1,0,0,0,0,0,CDA
Katwijk,1,0,0,0,0,0,CDA
Kerkrade,0,0,1,0,0,0,PVV
Kerkrade,0,0,1,0,0,1,PVV
Kerkrade,0,0,1,0,0,0,PVV
Kerkwijk,0,0,0,0,0,0,CDA
Kerkwijk,0,0,0,0,0,0,CDA
Kerkwijk,0,0,0,0,0,0,CDA
Kessel,0,0,0,0,0,0,CDA
Kessel,0,0,0,0,0,0,CDA
Kessel,0,0,0,0,0,0,CDA
Kesteren,0,0,0,0,0,0,CDA
Kesteren,0,0,0,0,0,0,CDA
Kesteren,0,0,0,0,0,0,CDA
Klundert,0,0,0,0,0,0,CDA
Klundert,0,0,0,0,0,0,CDA
Klundert,0,0,0,0,0,0,CDA
Koggenland,0,0,0,0,0,1,VVD
Koggenland,0,0,0,0,0,1,VVD
Koggenland,0,0,0,0,0,1,VVD
Kollumerland en Nieuwkruisland,1,0,0,0,0,0,CDA
Kollumerland en Nieuwkruisland,1,0,0,0,0,0,CDA
Kollumerland en Nieuwkruisland,1,0,0,0,0,0,CDA
Korendijk,0,0,0,0,0,1,VVD
Korendijk,0,0,0,0,0,1,VVD
Korendijk,0,0,0,0,0,0,CDA
Krimpen aan den IJssel,0,0,0,0,0,1,VVD
Krimpen aan den IJssel,0,0,0,0,0,1,VVD
Krimpen aan den IJssel,0,0,0,0,0,1,VVD
Krimpenerwaard,0,0,0,0,0,0,CDA
Krimpenerwaard,0,0,0,0,0,0,CDA
Krimpenerwaard,0,0,0,0,0,0,CDA
Laarbeek,1,0,0,0,0,0,CDA
Laarbeek,1,0,0,0,0,0,CDA
Laarbeek,1,0,0,0,0,0,CDA
Landerd,1,0,0,0,0,0,CDA
Landerd,1,0,0,0,0,1,CDA
Landerd,1,0,0,0,0,0,CDA
Landgraaf,0,0,1,0,0,0,PVV
Landgraaf,0,0,1,0,0,1,PVV
Landgraaf,0,0,1,0,0,1,PVV
Landsmeer,0,0,0,0,0,1,VVD
Landsmeer,0,0,0,0,0,1,VVD
Landsmeer,0,0,0,0,0,1,VVD
Langbroek,0,0,0,0,0,0,CDA
Langbroek,0,0,0,0,0,0,CDA
Langbroek,0,0,0,0,0,0,CDA
Langedijk,0,0,0,0,0,1,VVD
Langedijk,0,0,0,0,0,1,VVD
Langedijk,0,0,0,0,0,1,VVD
Lansingerland,0,0,0,0,0,1,VVD
Lansingerland,0,0,0,0,0,1,VVD
Lansingerland,0,0,0,0,0,1,VVD
Laren (NH.),0,0,0,0,0,1,VVD
Laren (NH.),0,0,0,0,0,1,VVD
Laren (NH.),0,0,0,0,0,1,VVD
Leek,0,1,0,0,0,0,PVDA
Leek,0,0,0,0,0,0,CDA
Leek,0,0,0,0,0,0,CDA
Leende,0,0,0,0,0,0,CDA
Leende,0,0,0,0,0,0,CDA
Leende,0,0,0,0,0,0,CDA
Leerdam,0,1,0,0,0,0,PVDA
Leerdam,0,0,0,0,0,1,VVD
Leerdam,0,0,0,0,0,0,CDA
Leersum,0,0,0,0,0,0,CDA
Leersum,0,0,0,0,0,0,CDA
Leersum,0,0,0,0,0,0,CDA
Leeuwarden,0,1,0,0,0,0,PVDA
Leeuwarden,0,1,0,0,0,0,PVDA
Leeuwarden,0,1,0,0,0,0,PVDA
Leeuwarderadeel,0,1,0,0,0,0,PVDA
Leeuwarderadeel,0,1,0,0,0,0,PVDA
Leeuwarderadeel,0,0,0,0,0,0,CDA
Leiden,0,1,0,0,0,0,PVDA
Leiden,0,1,0,0,0,0,PVDA
Leiden,0,0,0,0,0,0,CDA
Leiderdorp,0,0,0,0,0,1,VVD
Leiderdorp,0,0,0,0,0,1,VVD
Leiderdorp,0,0,0,0,0,1,VVD
Leidschendam,0,0,0,0,0,0,CDA
Leidschendam,0,0,0,0,0,0,CDA
Leidschendam,0,0,0,0,0,0,CDA
Leidschendam-Voorburg,0,0,0,0,0,1,VVD
Leidschendam-Voorburg,0,0,0,0,0,1,VVD
Leidschendam-Voorburg,0,0,0,0,0,1,VVD
Lelystad,0,0,0,0,0,0,CDA
Lelystad,0,0,0,0,0,1,VVD
Lelystad,0,0,0,0,0,0,CDA
Lemsterland,0,0,0,0,0,0,CDA
Lemsterland,0,0,0,0,0,1,VVD
Lemsterland,0,0,0,0,0,0,CDA
Leudal,0,0,0,0,0,0,CDA
Leudal,0,0,0,0,0,1,VVD
Leudal,1,0,0,0,0,0,CDA
Leusden,0,0,0,0,0,1,VVD
Leusden,0,0,0,0,0,1,VVD
Leusden,0,0,0,0,0,1,VVD
Lichtenvoorde,0,0,0,0,0,0,CDA
Lichtenvoorde,0,0,0,0,0,0,CDA
Lichtenvoorde,0,0,0,0,0,0,CDA
Liemeer,0,0,0,0,0,0,CDA
Liemeer,0,0,0,0,0,0,CDA
Liemeer,0,0,0,0,0,0,CDA
Liempde,0,0,0,0,0,0,CDA
Liempde,0,0,0,0,0,0,CDA
Liempde,0,0,0,0,0,0,CDA
Lienden,0,0,0,0,0,0,CDA
Lienden,0,0,0,0,0,0,CDA
Lienden,0,0,0,0,0,0,CDA
De Lier,0,0,0,0,0,0,CDA
De Lier,0,0,0,0,0,0,CDA
De Lier,0,0,0,0,0,0,CDA
Lieshout,0,0,0,0,0,0,CDA
Lieshout,0,0,0,0,0,0,CDA
Lieshout,0,0,0,0,0,0,CDA
Liesveld,1,0,0,0,0,0,CDA
Liesveld,1,0,0,0,0,1,CDA
Liesveld,1,0,0,0,0,0,CDA
Limmen,0,0,0,0,0,0,CDA
Limmen,0,0,0,0,0,0,CDA
Limmen,0,0,0,0,0,0,CDA
Lingewaal,0,0,0,0,0,1,VVD
Lingewaal,0,0,0,0,0,1,VVD
Lingewaal,0,0,0,0,0,0,CDA
Lingewaard,0,0,0,0,0,1,VVD
Lingewaard,0,0,0,0,0,1,VVD
Lingewaard,0,0,0,0,0,0,CDA
Lisse,0,0,0,0,0,1,VVD
Lisse,0,0,0,0,0,1,VVD
Lisse,0,0,0,0,0,1,VVD
Lith,1,0,0,0,0,0,CDA
Lith,0,0,0,0,0,0,CDA
Lith,0,0,0,0,0,0,CDA
Littenseradiel,0,0,0,0,0,1,VVD
Littenseradiel,0,0,0,0,0,1,VVD
Littenseradiel,1,0,0,0,0,0,CDA
Lochem,0,0,0,0,0,1,VVD
Lochem,0,0,0,0,0,1,VVD
Lochem,0,0,0,0,0,0,CDA
Loenen,0,0,0,0,0,1,VVD
Loenen,0,0,0,0,0,0,CDA
Loenen,0,0,0,0,0,0,CDA
Loon op Zand,0,0,0,0,0,1,VVD
Loon op Zand,0,0,0,0,0,1,VVD
Loon op Zand,0,0,0,0,0,1,VVD
Loosdrecht,0,0,0,0,0,0,CDA
Loosdrecht,0,0,0,0,0,0,CDA
Loosdrecht,0,0,0,0,0,0,CDA
Lopik,0,0,0,0,0,1,VVD
Lopik,0,0,0,0,0,1,VVD
Lopik,0,0,0,0,0,1,VVD
Loppersum,1,1,0,0,0,0,CDA
Loppersum,0,1,0,0,0,0,PVDA
Loppersum,1,0,0,0,0,0,CDA
Losser,0,0,0,0,0,0,CDA
Losser,0,0,0,0,0,0,CDA
Losser,1,0,0,0,0,0,CDA
Luyksgestel,0,0,0,0,0,0,CDA
Luyksgestel,0,0,0,0,0,0,CDA
Luyksgestel,0,0,0,0,0,0,CDA
Maarheeze,0,0,0,0,0,0,CDA
Maarheeze,0,0,0,0,0,0,CDA
Maarheeze,0,0,0,0,0,0,CDA
Maarn,0,0,0,0,0,0,CDA
Maarn,0,0,0,0,0,0,CDA
Maarn,0,0,0,0,0,0,CDA
Maarssen,0,0,0,0,0,1,VVD
Maarssen,0,0,0,0,0,0,CDA
Maarssen,0,0,0,0,0,0,CDA
Maartensdijk,0,0,0,0,0,0,CDA
Maartensdijk,0,0,0,0,0,0,CDA
Maartensdijk,0,0,0,0,0,0,CDA
Maasbracht,0,0,0,0,0,0,CDA
Maasbracht,0,0,0,0,0,0,CDA
Maasbracht,0,0,0,0,0,0,CDA
Maasbree,0,0,0,0,0,0,CDA
Maasbree,0,0,0,0,0,0,CDA
Maasbree,0,0,0,0,0,0,CDA
Maasdonk,1,0,0,0,0,0,CDA
Maasdonk,1,0,0,0,0,0,CDA
Maasdonk,1,0,0,0,0,0,CDA
Maasdriel,0,0,1,0,0,1,PVV
Maasdriel,0,0,1,0,0,1,PVV
Maasdriel,0,0,1,0,0,0,PVV
Maasgouw,0,0,1,0,0,0,PVV
Maasgouw,0,0,0,0,0,1,VVD
Maasgouw,0,0,1,0,0,0,PVV
Maasland,0,0,0,0,0,0,CDA
Maasland,0,0,0,0,0,0,CDA
Maasland,0,0,0,0,0,0,CDA
Maassluis,0,0,0,0,0,1,VVD
Maassluis,0,0,0,0,0,1,VVD
Maassluis,0,0,0,0,0,1,VVD
Maastricht,0,0,1,0,0,0,PVV
Maastricht,0,0,1,0,0,0,PVV
Maastricht,0,0,0,0,0,0,CDA
Made,0,0,0,0,0,0,CDA
Made,0,0,0,0,0,0,CDA
Made,0,0,0,0,0,0,CDA
Made en Drimmelen,0,0,0,0,0,0,CDA
Made en Drimmelen,0,0,0,0,0,0,CDA
Made en Drimmelen,0,0,0,0,0,0,CDA
Margraten,0,0,1,0,0,0,PVV
Margraten,0,0,0,0,0,0,CDA
Margraten,0,0,0,0,0,0,CDA
Mariekerke,0,0,0,0,0,0,CDA
Mariekerke,0,0,0,0,0,0,CDA
Mariekerke,0,0,0,0,0,0,CDA
Markelo,0,0,0,0,0,0,CDA
Markelo,0,0,0,0,0,0,CDA
Markelo,0,0,0,0,0,0,CDA
De Marne,0,1,0,0,0,0,PVDA
De Marne,1,0,0,0,0,0,CDA
De Marne,1,0,0,0,0,0,CDA
Marum,1,0,0,0,0,0,CDA
Marum,0,0,0,0,0,0,CDA
Marum,1,0,0,0,0,0,CDA
Maurik,0,0,0,0,0,0,CDA
Maurik,0,0,0,0,0,0,CDA
Maurik,0,0,0,0,0,0,CDA
Medemblik,0,0,0,0,0,1,VVD
Medemblik,0,0,0,0,0,1,VVD
Medemblik,1,0,0,0,0,0,CDA
Meerlo-Wanssum,0,0,0,0,0,0,CDA
Meerlo-Wanssum,0,0,0,0,0,0,CDA
Meerlo-Wanssum,0,0,0,0,0,0,CDA
Meerssen,0,0,1,0,0,0,PVV
Meerssen,0,0,1,0,0,0,PVV
Meerssen,0,0,1,0,0,1,PVV
Meierijstad,0,0,0,0,0,0,CDA
Meierijstad,0,0,0,0,0,0,CDA
Meierijstad,0,0,0,0,0,0,CDA
Meijel,0,0,0,0,0,0,CDA
Meijel,0,0,0,0,0,0,CDA
Meijel,0,0,0,0,0,0,CDA
Menaldumadeel,0,1,0,0,0,0,PVDA
Menaldumadeel,0,0,0,0,0,0,CDA
Menaldumadeel,0,0,0,0,0,0,CDA
Menameradiel,0,0,0,0,0,0,CDA
Menameradiel,1,1,0,0,0,0,CDA
Menameradiel,1,1,0,0,0,0,CDA
Menterwolde,0,1,0,0,0,0,PVDA
Menterwolde,0,1,0,0,0,0,PVDA
Menterwolde,0,0,0,0,0,0,CDA
Meppel,0,1,0,0,0,0,PVDA
Meppel,0,1,0,0,0,1,PVDA
Meppel,0,1,0,0,0,0,PVDA
Middelburg (Z.),0,1,0,0,0,0,PVDA
Middelburg (Z.),0,0,0,0,0,0,CDA
Middelburg (Z.),0,0,0,0,0,0,CDA
Middelharnis,0,0,0,0,0,1,VVD
Middelharnis,0,0,0,0,0,1,VVD
Middelharnis,1,0,0,0,0,0,CDA
Midden-Delfland,0,0,0,0,0,1,VVD
Midden-Delfland,0,0,0,0,0,1,VVD
Midden-Delfland,0,0,0,0,0,1,VVD
Midden-Drenthe,0,1,0,0,0,0,PVDA
Midden-Drenthe,0,1,0,0,0,1,PVDA
Midden-Drenthe,0,1,0,0,0,1,PVDA
Midden-Groningen,0,0,0,0,0,0,CDA
Midden-Groningen,0,0,0,0,0,0,CDA
Midden-Groningen,0,0,0,0,0,0,CDA
Middenschouwen,0,0,0,0,0,0,CDA
Middenschouwen,0,0,0,0,0,0,CDA
Middenschouwen,0,0,0,0,0,0,CDA
Middenveld,0,0,0,0,0,0,CDA
Middenveld,0,0,0,0,0,0,CDA
Middenveld,0,0,0,0,0,0,CDA
Mierlo,0,0,0,0,0,0,CDA
Mierlo,0,0,0,0,0,0,CDA
Mierlo,0,0,0,0,0,0,CDA
Mill en Sint Hubert,1,0,0,0,0,0,CDA
Mill en Sint Hubert,1,0,0,0,0,0,CDA
Mill en Sint Hubert,1,0,0,0,0,0,CDA
Millingen aan de Rijn,0,0,0,0,0,0,CDA
Millingen aan de Rijn,0,0,0,0,0,0,CDA
Millingen aan de Rijn,0,0,0,0,0,0,CDA
Moerdijk,0,0,0,0,0,1,VVD
Moerdijk,0,0,0,0,0,1,VVD
Moerdijk,0,0,0,0,0,0,CDA
Moergestel,0,0,0,0,0,0,CDA
Moergestel,0,0,0,0,0,0,CDA
Moergestel,0,0,0,0,0,0,CDA
Molenwaard,0,0,0,0,0,0,CDA
Molenwaard,0,0,0,0,0,0,CDA
Molenwaard,0,0,0,0,0,0,CDA
Monster,0,0,0,0,0,0,CDA
Monster,0,0,0,0,0,0,CDA
Monster,0,0,0,0,0,0,CDA
Montferland,1,0,0,0,0,0,CDA
Montferland,1,0,0,0,0,0,CDA
Montferland,1,0,0,0,0,0,CDA
Montfoort,0,0,0,0,0,1,VVD
Montfoort,0,0,0,0,0,1,VVD
Montfoort,0,0,0,0,0,1,VVD
Mook en Middelaar,0,0,0,0,0,1,VVD
Mook en Middelaar,0,0,0,0,0,1,VVD
Mook en Middelaar,0,0,0,0,0,1,VVD
Moordrecht,0,0,0,0,0,0,CDA
Moordrecht,0,0,0,0,0,0,CDA
Moordrecht,0,0,0,0,0,0,CDA
Muiden,0,0,0,0,0,1,VVD
Muiden,0,0,0,0,0,1,VVD
Muiden,0,0,0,0,0,1,VVD
Naaldwijk,0,0,0,0,0,0,CDA
Naaldwijk,0,0,0,0,0,0,CDA
Naaldwijk,0,0,0,0,0,0,CDA
Naarden,0,0,0,0,0,1,VVD
Naarden,0,0,0,0,0,1,VVD
Naarden,0,0,0,0,0,1,VVD
Neder-Betuwe,0,0,0,1,0,0,SGP
Neder-Betuwe,1,0,0,1,0,0,CDA
Neder-Betuwe,0,0,0,1,0,0,SGP
Nederhorst den Berg,0,0,0,0,0,0,CDA
Nederhorst den Berg,0,0,0,0,0,0,CDA
Nederhorst den Berg,0,0,0,0,0,0,CDA
Nederlek,0,0,0,0,0,1,VVD
Nederlek,0,0,0,0,0,1,VVD
Nederlek,0,0,0,0,0,1,VVD
Nederweert,1,0,0,0,0,0,CDA
Nederweert,1,0,0,0,0,0,CDA
Nederweert,1,0,0,0,0,0,CDA
Neede,0,0,0,0,0,0,CDA
Neede,0,0,0,0,0,0,CDA
Neede,0,0,0,0,0,0,CDA
Neerijnen,0,0,0,0,0,1,VVD
Neerijnen,1,0,0,0,0,1,CDA
Neerijnen,0,0,0,0,0,1,VVD
Niedorp,0,0,0,0,0,1,VVD
Niedorp,0,0,0,0,0,1,VVD
Niedorp,0,0,0,0,0,0,CDA
Nieuwegein,0,0,0,0,0,1,VVD
Nieuwegein,0,0,0,0,0,1,VVD
Nieuwegein,0,0,0,0,0,1,VVD
Nieuwerkerk aan den IJssel,0,0,0,0,0,0,CDA
Nieuwerkerk aan den IJssel,0,0,0,0,0,0,CDA
Nieuwerkerk aan den IJssel,0,0,0,0,0,0,CDA
Nieuw-Ginneken,0,0,0,0,0,0,CDA
Nieuw-Ginneken,0,0,0,0,0,0,CDA
Nieuw-Ginneken,0,0,0,0,0,0,CDA
Nieuwkoop,0,0,0,0,0,1,VVD
Nieuwkoop,0,0,0,0,0,1,VVD
Nieuwkoop,0,0,0,0,0,1,VVD
Nieuw-Lekkerland,0,0,0,1,0,0,SGP
Nieuw-Lekkerland,0,0,0,1,0,1,SGP
Nieuw-Lekkerland,0,0,0,1,0,0,SGP
Nieuwleusen,0,0,0,0,0,0,CDA
Nieuwleusen,0,0,0,0,0,0,CDA
Nieuwleusen,0,0,0,0,0,0,CDA
Nieuw-Vossemeer,0,0,0,0,0,0,CDA
Nieuw-Vossemeer,0,0,0,0,0,0,CDA
Nieuw-Vossemeer,0,0,0,0,0,0,CDA
Nijefurd,1,1,0,0,0,0,CDA
Nijefurd,0,0,0,0,0,0,CDA
Nijefurd,0,0,0,0,0,0,CDA
Nijeveen,0,0,0,0,0,0,CDA
Nijeveen,0,0,0,0,0,0,CDA
Nijeveen,0,0,0,0,0,0,CDA
Nijkerk,0,0,0,0,0,1,VVD
Nijkerk,0,0,0,0,0,1,VVD
Nijkerk,0,0,0,0,0,1,VVD
Nijmegen,0,1,0,0,0,0,PVDA
Nijmegen,0,1,0,0,0,0,PVDA
Nijmegen,0,1,0,0,0,0,PVDA
Nissewaard,0,0,0,0,0,0,CDA
Nissewaard,0,0,0,0,0,0,CDA
Nissewaard,0,0,0,0,0,0,CDA
Noord-Beveland,0,0,0,0,0,1,VVD
Noord-Beveland,0,0,0,0,0,1,VVD
Noord-Beveland,0,0,0,0,0,1,VVD
Noordenveld,0,1,0,0,0,0,PVDA
Noordenveld,0,0,0,0,0,1,VVD
Noordenveld,0,0,0,0,0,0,CDA
Noorder-Koggenland,0,0,0,0,0,0,CDA
Noorder-Koggenland,0,0,0,0,0,0,CDA
Noorder-Koggenland,0,0,0,0,0,0,CDA
Noordoostpolder,1,0,0,0,0,0,CDA
Noordoostpolder,0,0,0,0,0,1,VVD
Noordoostpolder,1,0,0,0,0,0,CDA
Noordwijk,0,0,0,0,0,1,VVD
Noordwijk,0,0,0,0,0,1,VVD
Noordwijk,0,0,0,0,0,1,VVD
Noordwijkerhout,0,0,0,0,0,1,VVD
Noordwijkerhout,0,0,0,0,0,1,VVD
Noordwijkerhout,0,0,0,0,0,1,VVD
Nootdorp,0,0,0,0,0,0,CDA
Nootdorp,0,0,0,0,0,0,CDA
Nootdorp,0,0,0,0,0,0,CDA
Norg,0,0,0,0,0,0,CDA
Norg,0,0,0,0,0,0,CDA
Norg,0,0,0,0,0,0,CDA
Nuenen. Gerwen en Nederwetten,0,0,0,0,0,1,VVD
Nuenen. Gerwen en Nederwetten,0,0,0,0,0,1,VVD
Nuenen. Gerwen en Nederwetten,0,0,0,0,0,1,VVD
Nunspeet,0,0,0,1,0,0,SGP
Nunspeet,0,0,0,0,0,1,VVD
Nunspeet,0,0,0,1,0,0,SGP
Nuth,0,0,1,0,0,0,PVV
Nuth,0,0,1,0,0,0,PVV
Nuth,0,0,1,0,0,0,PVV
Obdam,0,0,0,0,0,0,CDA
Obdam,0,0,0,0,0,0,CDA
Obdam,0,0,0,0,0,0,CDA
Odoorn,0,0,0,0,0,0,CDA
Odoorn,0,0,0,0,0,0,CDA
Odoorn,0,0,0,0,0,0,CDA
Oegstgeest,0,0,0,0,0,1,VVD
Oegstgeest,0,0,0,0,0,1,VVD
Oegstgeest,0,0,0,0,0,1,VVD
Oirschot,1,0,0,0,0,0,CDA
Oirschot,1,0,0,0,0,1,CDA
Oirschot,1,0,0,0,0,0,CDA
Oisterwijk,0,0,0,0,0,1,VVD
Oisterwijk,0,0,0,0,0,1,VVD
Oisterwijk,0,0,0,0,0,1,VVD
Oldambt,0,1,0,0,0,0,PVDA
Oldambt,0,1,0,0,0,0,PVDA
Oldambt,0,1,0,0,0,0,PVDA
Oldebroek,1,0,0,0,0,0,CDA
Oldebroek,1,0,0,0,0,0,CDA
Oldebroek,1,0,0,0,0,0,CDA
Oldenzaal,0,1,0,0,0,0,PVDA
Oldenzaal,0,0,0,0,0,1,VVD
Oldenzaal,0,0,0,0,0,1,VVD
Olst,0,0,0,0,0,0,CDA
Olst,0,0,0,0,0,0,CDA
Olst,0,0,0,0,0,0,CDA
Olst-Wijhe,0,1,0,0,0,0,PVDA
Olst-Wijhe,0,0,0,0,0,1,VVD
Olst-Wijhe,1,0,0,0,0,0,CDA
Ommen,1,0,0,0,0,0,CDA
Ommen,1,0,0,0,0,1,CDA
Ommen,1,0,0,0,0,0,CDA
Onderbanken,0,0,1,0,0,0,PVV
Onderbanken,0,0,1,0,0,1,PVV
Onderbanken,0,0,1,0,0,1,PVV
Oost Gelre,1,0,0,0,0,0,CDA
Oost Gelre,1,0,0,0,0,0,CDA
Oost Gelre,1,0,0,0,0,0,CDA
Oost-. West- en Middelbeers,0,0,0,0,0,0,CDA
Oost-. West- en Middelbeers,0,0,0,0,0,0,CDA
Oost-. West- en Middelbeers,0,0,0,0,0,0,CDA
Oostburg,0,0,0,0,0,0,CDA
Oostburg,0,0,0,0,0,0,CDA
Oostburg,0,0,0,0,0,0,CDA
Oosterhesselen,0,0,0,0,0,0,CDA
Oosterhesselen,0,0,0,0,0,0,CDA
Oosterhesselen,0,0,0,0,0,0,CDA
Oosterhout,0,0,0,0,0,1,VVD
Oosterhout,0,0,0,0,0,1,VVD
Oosterhout,0,0,0,0,0,1,VVD
Oostflakkee,0,0,1,0,0,0,PVV
Oostflakkee,0,0,1,0,0,1,PVV
Oostflakkee,0,0,1,0,0,0,PVV
Ooststellingwerf,0,1,0,0,0,0,PVDA
Ooststellingwerf,0,1,0,0,0,0,PVDA
Ooststellingwerf,0,1,0,0,0,0,PVDA
Oostzaan,0,0,0,0,0,1,VVD
Oostzaan,0,0,0,0,0,1,VVD
Oostzaan,0,0,0,0,0,1,VVD
Ootmarsum,0,0,0,0,0,0,CDA
Ootmarsum,0,0,0,0,0,0,CDA
Ootmarsum,0,0,0,0,0,0,CDA
Opmeer,0,0,0,0,0,1,VVD
Opmeer,0,0,0,0,0,1,VVD
Opmeer,0,0,0,0,0,1,VVD
Opsterland,0,1,0,0,0,0,PVDA
Opsterland,0,1,0,0,0,0,PVDA
Opsterland,0,1,0,0,0,0,PVDA
Oss,0,0,0,0,1,0,SP
Oss,0,0,0,0,0,0,CDA
Oss,0,0,0,0,1,0,SP
Ossendrecht,0,0,0,0,0,0,CDA
Ossendrecht,0,0,0,0,0,0,CDA
Ossendrecht,0,0,0,0,0,0,CDA
Oud en Nieuw Gastel,0,0,0,0,0,0,CDA
Oud en Nieuw Gastel,0,0,0,0,0,0,CDA
Oud en Nieuw Gastel,0,0,0,0,0,0,CDA
Oud-Beijerland,0,0,0,0,0,1,VVD
Oud-Beijerland,0,0,0,0,0,1,VVD
Oud-Beijerland,0,0,0,0,0,1,VVD
Oude IJsselstreek,0,1,0,0,0,0,PVDA
Oude IJsselstreek,1,0,0,0,0,0,CDA
Oude IJsselstreek,1,1,0,0,0,0,CDA
Oudenbosch,0,0,0,0,0,0,CDA
Oudenbosch,0,0,0,0,0,0,CDA
Oudenbosch,0,0,0,0,0,0,CDA
Ouder-Amstel,0,0,0,0,0,1,VVD
Ouder-Amstel,0,0,0,0,0,1,VVD
Ouder-Amstel,0,0,0,0,0,1,VVD
Ouderkerk,0,0,0,0,0,1,VVD
Ouderkerk,0,0,0,0,0,1,VVD
Ouderkerk,0,0,0,0,0,1,VVD
Oudewater,0,0,0,0,0,1,VVD
Oudewater,0,0,0,0,0,1,VVD
Oudewater,0,0,0,0,0,1,VVD
Overbetuwe,0,0,0,0,0,0,CDA
Overbetuwe,0,0,0,0,0,1,VVD
Overbetuwe,0,0,0,0,0,0,CDA
Papendrecht,0,0,0,0,0,1,VVD
Papendrecht,0,0,0,0,0,1,VVD
Papendrecht,0,0,0,0,0,1,VVD
Peel en Maas,0,0,1,0,0,0,PVV
Peel en Maas,1,0,0,0,0,0,CDA
Peel en Maas,1,0,0,0,0,0,CDA
Peize,0,0,0,0,0,0,CDA
Peize,0,0,0,0,0,0,CDA
Peize,0,0,0,0,0,0,CDA
Pekela,0,1,0,0,0,0,PVDA
Pekela,0,0,0,0,0,0,CDA
Pekela,0,0,0,0,0,0,CDA
Pijnacker,0,0,0,0,0,0,CDA
Pijnacker,0,0,0,0,0,0,CDA
Pijnacker,0,0,0,0,0,0,CDA
Pijnacker-Nootdorp,0,0,0,0,0,1,VVD
Pijnacker-Nootdorp,0,0,0,0,0,1,VVD
Pijnacker-Nootdorp,0,0,0,0,0,1,VVD
Prinsenbeek,0,0,0,0,0,0,CDA
Prinsenbeek,0,0,0,0,0,0,CDA
Prinsenbeek,0,0,0,0,0,0,CDA
Purmerend,0,0,0,0,0,1,VVD
Purmerend,0,0,1,0,0,1,PVV
Purmerend,0,0,0,0,0,0,CDA
Putte,0,0,0,0,0,0,CDA
Putte,0,0,0,0,0,0,CDA
Putte,0,0,0,0,0,0,CDA
Putten,1,0,0,0,0,0,CDA
Putten,1,0,0,0,0,0,CDA
Putten,1,0,0,0,0,0,CDA
Raalte,1,0,0,0,0,0,CDA
Raalte,1,0,0,0,0,1,CDA
Raalte,1,0,0,0,0,0,CDA
Raamsdonk,0,0,0,0,0,0,CDA
Raamsdonk,0,0,0,0,0,0,CDA
Raamsdonk,0,0,0,0,0,0,CDA
Ravenstein,0,0,0,0,0,0,CDA
Ravenstein,0,0,0,0,0,0,CDA
Ravenstein,0,0,0,0,0,0,CDA
Reeuwijk,0,0,0,0,0,1,VVD
Reeuwijk,0,0,0,0,0,0,CDA
Reeuwijk,0,0,0,0,0,0,CDA
Reiderland,0,0,0,0,0,0,CDA
Reiderland,0,0,0,0,0,0,CDA
Reiderland,0,0,0,0,0,0,CDA
Reimerswaal,0,0,0,1,0,0,SGP
Reimerswaal,1,0,0,1,0,0,CDA
Reimerswaal,1,0,0,1,0,0,CDA
Renkum,0,0,0,0,0,1,VVD
Renkum,0,0,0,0,0,1,VVD
Renkum,0,0,0,0,0,1,VVD
Renswoude,1,0,0,0,0,0,CDA
Renswoude,1,0,0,0,0,0,CDA
Renswoude,1,0,0,0,0,0,CDA
Reusel,0,0,0,0,0,0,CDA
Reusel,0,0,0,0,0,0,CDA
Reusel,0,0,0,0,0,0,CDA
Reusel-De Mierden,1,0,0,0,0,0,CDA
Reusel-De Mierden,1,0,0,0,0,1,CDA
Reusel-De Mierden,1,0,0,0,0,0,CDA
Rheden,0,1,0,0,0,0,PVDA
Rheden,0,0,0,0,0,0,CDA
Rheden,0,0,0,0,0,0,CDA
Rhenen,0,0,0,0,0,1,VVD
Rhenen,0,0,0,0,0,1,VVD
Rhenen,0,0,0,0,0,1,VVD
Ridderkerk,0,0,1,0,0,1,PVV
Ridderkerk,0,0,0,0,0,1,VVD
Ridderkerk,0,0,0,0,0,0,CDA
Riethoven,0,0,0,0,0,0,CDA
Riethoven,0,0,0,0,0,0,CDA
Riethoven,0,0,0,0,0,0,CDA
Rijnsburg,0,0,0,0,0,0,CDA
Rijnsburg,0,0,0,0,0,0,CDA
Rijnsburg,0,0,0,0,0,0,CDA
Rijnwaarden,0,0,1,0,0,0,PVV
Rijnwaarden,0,0,1,0,0,1,PVV
Rijnwaarden,0,0,1,0,0,0,PVV
Rijnwoude,0,0,0,0,0,1,VVD
Rijnwoude,0,0,0,0,0,1,VVD
Rijnwoude,0,0,0,0,0,1,VVD
Rijsbergen,0,0,0,0,0,0,CDA
Rijsbergen,0,0,0,0,0,0,CDA
Rijsbergen,0,0,0,0,0,0,CDA
Rijssen,0,0,0,0,0,0,CDA
Rijssen,0,0,0,0,0,0,CDA
Rijssen,0,0,0,0,0,0,CDA
Rijssen-Holten,1,0,0,1,0,0,CDA
Rijssen-Holten,1,0,0,0,0,0,CDA
Rijssen-Holten,1,0,0,0,0,0,CDA
Rijswijk (ZH.),0,0,0,0,0,0,CDA
Rijswijk (ZH.),0,0,0,0,0,1,VVD
Rijswijk (ZH.),0,0,0,0,0,0,CDA
Roden,0,0,0,0,0,0,CDA
Roden,0,0,0,0,0,0,CDA
Roden,0,0,0,0,0,0,CDA
Roerdalen,0,0,1,0,0,0,PVV
Roerdalen,0,0,1,0,0,0,PVV
Roerdalen,0,0,1,0,0,0,PVV
Roermond,0,0,1,0,0,0,PVV
Roermond,0,0,1,0,0,1,PVV
Roermond,0,0,1,0,0,0,PVV
Roggel en Neer,0,0,0,0,0,0,CDA
Roggel en Neer,0,0,0,0,0,0,CDA
Roggel en Neer,0,0,0,0,0,0,CDA
Rolde,0,0,0,0,0,0,CDA
Rolde,0,0,0,0,0,0,CDA
Rolde,0,0,0,0,0,0,CDA
De Ronde Venen,0,0,0,0,0,1,VVD
De Ronde Venen,0,0,0,0,0,1,VVD
De Ronde Venen,0,0,0,0,0,1,VVD
Roosendaal,0,0,0,0,0,1,VVD
Roosendaal,0,0,0,0,0,1,VVD
Roosendaal,0,0,0,0,0,1,VVD
Roosendaal en Nispen,0,0,0,0,0,0,CDA
Roosendaal en Nispen,0,0,0,0,0,0,CDA
Roosendaal en Nispen,0,0,0,0,0,0,CDA
Rosmalen,0,0,0,0,0,0,CDA
Rosmalen,0,0,0,0,0,0,CDA
Rosmalen,0,0,0,0,0,0,CDA
Rossum,0,0,0,0,0,0,CDA
Rossum,0,0,0,0,0,0,CDA
Rossum,0,0,0,0,0,0,CDA
Rotterdam,0,1,0,0,0,0,PVDA
Rotterdam,0,1,0,0,0,0,PVDA
Rotterdam,0,1,0,0,0,0,PVDA
Rozenburg,1,1,0,0,0,0,CDA
Rozenburg,0,0,0,0,0,0,CDA
Rozenburg,0,0,0,0,0,0,CDA
Rozendaal,0,0,0,0,0,1,VVD
Rozendaal,0,0,0,0,0,1,VVD
Rozendaal,0,0,0,0,0,1,VVD
Rucphen,0,0,1,0,0,0,PVV
Rucphen,0,0,1,0,0,1,PVV
Rucphen,0,0,1,0,0,0,PVV
Ruinen,0,0,0,0,0,0,CDA
Ruinen,0,0,0,0,0,0,CDA
Ruinen,0,0,0,0,0,0,CDA
Ruinerwold,0,0,0,0,0,0,CDA
Ruinerwold,0,0,0,0,0,0,CDA
Ruinerwold,0,0,0,0,0,0,CDA
Ruurlo,0,0,0,0,0,0,CDA
Ruurlo,0,0,0,0,0,0,CDA
Ruurlo,0,0,0,0,0,0,CDA
Sas van Gent,0,0,0,0,0,0,CDA
Sas van Gent,0,0,0,0,0,0,CDA
Sas van Gent,0,0,0,0,0,0,CDA
Sassenheim,0,0,0,0,0,0,CDA
Sassenheim,0,0,0,0,0,0,CDA
Sassenheim,0,0,0,0,0,0,CDA
Schagen,0,0,0,0,0,1,VVD
Schagen,0,0,0,0,0,1,VVD
Schagen,0,0,0,0,0,1,VVD
Scheemda,0,0,0,0,0,0,CDA
Scheemda,0,0,0,0,0,0,CDA
Scheemda,0,0,0,0,0,0,CDA
Schermer,0,0,0,0,0,1,VVD
Schermer,1,0,0,0,0,1,CDA
Schermer,0,0,0,0,0,1,VVD
Scherpenzeel,0,0,0,0,0,1,VVD
Scherpenzeel,1,0,0,0,0,1,CDA
Scherpenzeel,1,0,0,0,0,0,CDA
Schiedam,0,1,0,0,0,0,PVDA
Schiedam,0,1,0,0,0,0,PVDA
Schiedam,0,1,0,0,0,0,PVDA
Schiermonnikoog,0,1,0,0,0,0,PVDA
Schiermonnikoog,0,0,0,0,0,1,VVD
Schiermonnikoog,0,0,0,0,0,0,CDA
Schijndel,0,0,0,0,0,1,VVD
Schijndel,0,0,0,0,0,1,VVD
Schijndel,0,0,0,0,0,1,VVD
Schinnen,0,0,1,0,0,0,PVV
Schinnen,0,0,1,0,0,0,PVV
Schinnen,0,0,1,0,0,0,PVV
Schipluiden,0,0,0,0,0,0,CDA
Schipluiden,0,0,0,0,0,0,CDA
Schipluiden,0,0,0,0,0,0,CDA
Schoonebeek,0,0,0,0,0,0,CDA
Schoonebeek,0,0,0,0,0,0,CDA
Schoonebeek,0,0,0,0,0,0,CDA
Schoonhoven,0,0,0,0,0,1,VVD
Schoonhoven,0,0,0,0,0,1,VVD
Schoonhoven,0,0,0,0,0,1,VVD
Schoorl,0,0,0,0,0,0,CDA
Schoorl,0,0,0,0,0,0,CDA
Schoorl,0,0,0,0,0,0,CDA
Schouwen-Duiveland,0,0,0,0,0,1,VVD
Schouwen-Duiveland,0,0,0,0,0,1,VVD
Schouwen-Duiveland,0,0,0,0,0,0,CDA
Sevenum,0,0,0,0,0,0,CDA
Sevenum,0,0,0,0,0,0,CDA
Sevenum,0,0,0,0,0,0,CDA
Simpelveld,0,0,1,0,0,0,PVV
Simpelveld,0,0,1,0,0,1,PVV
Simpelveld,0,0,1,0,0,1,PVV
Sint Anthonis,1,0,0,0,1,0,CDA
Sint Anthonis,1,0,0,0,0,0,CDA
Sint Anthonis,1,0,0,0,1,0,CDA
Sint-Michielsgestel,0,0,0,0,0,1,VVD
Sint-Michielsgestel,0,0,0,0,0,1,VVD
Sint-Michielsgestel,0,0,0,0,0,1,VVD
Sint-Oedenrode,1,0,0,0,0,1,CDA
Sint-Oedenrode,1,0,0,0,0,1,CDA
Sint-Oedenrode,1,0,0,0,0,1,CDA
Sittard,0,0,0,0,0,0,CDA
Sittard,0,0,0,0,0,0,CDA
Sittard,0,0,0,0,0,0,CDA
Sittard-Geleen,0,0,1,0,0,0,PVV
Sittard-Geleen,0,0,1,0,0,1,PVV
Sittard-Geleen,0,0,1,0,0,0,PVV
Skarsterlân,0,1,0,0,0,0,PVDA
Skarsterlân,1,0,0,0,0,1,CDA
Skarsterlân,1,0,0,0,0,0,CDA
Sleen,0,0,0,0,0,0,CDA
Sleen,0,0,0,0,0,0,CDA
Sleen,0,0,0,0,0,0,CDA
Sliedrecht,0,1,0,0,0,0,PVDA
Sliedrecht,0,0,0,0,0,1,VVD
Sliedrecht,0,0,0,0,0,1,VVD
Slochteren,0,1,0,0,0,0,PVDA
Slochteren,0,0,0,0,0,0,CDA
Slochteren,0,0,0,0,0,0,CDA
Sluis,0,0,0,0,0,1,VVD
Sluis,0,0,0,0,0,1,VVD
Sluis,0,0,0,0,0,1,VVD
Sluis-Aardenburg,0,0,0,0,0,0,CDA
Sluis-Aardenburg,0,0,0,0,0,0,CDA
Sluis-Aardenburg,0,0,0,0,0,0,CDA
Smallingerland,0,1,0,0,0,0,PVDA
Smallingerland,1,0,0,0,0,0,CDA
Smallingerland,1,1,0,0,0,0,CDA
Smilde,0,0,0,0,0,0,CDA
Smilde,0,0,0,0,0,0,CDA
Smilde,0,0,0,0,0,0,CDA
Sneek,0,1,0,0,0,0,PVDA
Sneek,0,0,0,0,0,0,CDA
Sneek,0,0,0,0,0,0,CDA
Soest,0,0,0,0,0,1,VVD
Soest,0,0,0,0,0,1,VVD
Soest,0,0,0,0,0,1,VVD
Someren,1,0,0,0,0,0,CDA
Someren,1,0,0,0,0,1,CDA
Someren,1,0,0,0,0,0,CDA
Son en Breugel,0,0,0,0,0,1,VVD
Son en Breugel,0,0,0,0,0,1,VVD
Son en Breugel,1,0,0,0,0,1,CDA
Spijkenisse,0,0,1,0,0,0,PVV
Spijkenisse,0,0,1,0,0,1,PVV
Spijkenisse,0,0,1,0,0,1,PVV
Sprang-Capelle,0,0,0,0,0,0,CDA
Sprang-Capelle,0,0,0,0,0,0,CDA
Sprang-Capelle,0,0,0,0,0,0,CDA
St. Anthonis,0,0,0,0,0,0,CDA
St. Anthonis,0,0,0,0,0,0,CDA
St. Anthonis,0,0,0,0,0,0,CDA
Stad Delden,0,0,0,0,0,0,CDA
Stad Delden,0,0,0,0,0,0,CDA
Stad Delden,0,0,0,0,0,0,CDA
Stadskanaal,0,1,0,0,0,0,PVDA
Stadskanaal,0,0,0,0,0,0,CDA
Stadskanaal,0,1,0,0,0,0,PVDA
Standdaarbuiten,0,0,0,0,0,0,CDA
Standdaarbuiten,0,0,0,0,0,0,CDA
Standdaarbuiten,0,0,0,0,0,0,CDA
Staphorst,1,0,0,0,0,0,CDA
Staphorst,1,0,0,0,0,0,CDA
Staphorst,1,0,0,0,0,0,CDA
Stede Broec,0,0,0,0,0,1,VVD
Stede Broec,0,0,0,0,0,1,VVD
Stede Broec,0,0,0,0,0,0,CDA
Steenbergen,0,0,0,0,0,1,VVD
Steenbergen,0,0,0,0,0,1,VVD
Steenbergen,0,0,0,0,0,1,VVD
Steenderen,0,0,0,0,0,0,CDA
Steenderen,0,0,0,0,0,0,CDA
Steenderen,0,0,0,0,0,0,CDA
Steenwijk,0,0,0,0,0,0,CDA
Steenwijk,0,0,0,0,0,0,CDA
Steenwijk,0,0,0,0,0,0,CDA
Steenwijkerland,0,1,0,0,0,0,PVDA
Steenwijkerland,0,0,0,0,0,0,CDA
Steenwijkerland,1,1,0,0,0,0,CDA
Stein (L.),0,0,1,0,0,0,PVV
Stein (L.),0,0,1,0,0,1,PVV
Stein (L.),0,0,1,0,0,0,PVV
Stichtse Vecht,0,0,0,0,0,0,CDA
Stichtse Vecht,0,0,0,0,0,1,VVD
Stichtse Vecht,0,0,0,0,0,1,VVD
Stramproy,0,0,0,0,0,0,CDA
Stramproy,0,0,0,0,0,0,CDA
Stramproy,0,0,0,0,0,0,CDA
Strijen,0,0,0,0,0,1,VVD
Strijen,0,0,0,0,0,1,VVD
Strijen,0,0,0,0,0,1,VVD
Súdwest-Fryslân,0,0,0,0,0,0,CDA
Súdwest-Fryslân,1,1,0,0,0,0,CDA
Súdwest-Fryslân,1,1,0,0,0,0,CDA
Susteren,0,0,0,0,0,0,CDA
Susteren,0,0,0,0,0,0,CDA
Susteren,0,0,0,0,0,0,CDA
Swalmen,0,0,0,0,0,0,CDA
Swalmen,0,0,0,0,0,0,CDA
Swalmen,0,0,0,0,0,0,CDA
Tegelen,0,0,0,0,0,0,CDA
Tegelen,0,0,0,0,0,0,CDA
Tegelen,0,0,0,0,0,0,CDA
Terheijden,0,0,0,0,0,0,CDA
Terheijden,0,0,0,0,0,0,CDA
Terheijden,0,0,0,0,0,0,CDA
Terneuzen,0,0,1,0,0,0,PVV
Terneuzen,0,0,1,0,0,0,PVV
Terneuzen,0,0,0,0,0,0,CDA
Terschelling,0,1,0,0,0,0,PVDA
Terschelling,0,0,0,0,0,1,VVD
Terschelling,0,1,0,0,0,0,PVDA
Teteringen,0,0,0,0,0,0,CDA
Teteringen,0,0,0,0,0,0,CDA
Teteringen,0,0,0,0,0,0,CDA
Texel,0,0,0,0,0,1,VVD
Texel,0,0,0,0,0,1,VVD
Texel,0,0,0,0,0,1,VVD
Teylingen,0,0,0,0,0,1,VVD
Teylingen,0,0,0,0,0,1,VVD
Teylingen,0,0,0,0,0,1,VVD
Tholen,0,0,0,1,0,0,SGP
Tholen,0,0,0,0,0,0,CDA
Tholen,0,0,0,0,0,0,CDA
Thorn,0,0,0,0,0,0,CDA
Thorn,0,0,0,0,0,0,CDA
Thorn,0,0,0,0,0,0,CDA
Tiel,0,0,0,0,0,1,VVD
Tiel,0,0,0,0,0,1,VVD
Tiel,0,0,0,0,0,1,VVD
Tilburg,0,1,0,0,0,0,PVDA
Tilburg,0,0,0,0,0,0,CDA
Tilburg,0,1,0,0,0,0,PVDA
Tubbergen,1,0,0,0,0,0,CDA
Tubbergen,1,0,0,0,0,0,CDA
Tubbergen,1,0,0,0,0,0,CDA
Twenterand,1,0,0,0,0,0,CDA
Twenterand,1,0,0,0,0,0,CDA
Twenterand,1,0,0,0,0,0,CDA
Tynaarlo,0,1,0,0,0,0,PVDA
Tynaarlo,0,0,0,0,0,1,VVD
Tynaarlo,0,0,0,0,0,0,CDA
Tytsjerksteradiel,0,0,0,0,0,0,CDA
Tytsjerksteradiel,1,0,0,0,0,0,CDA
Tytsjerksteradiel,1,0,0,0,0,0,CDA
Ubbergen,0,1,0,0,0,0,PVDA
Ubbergen,0,0,0,0,0,0,CDA
Ubbergen,0,0,0,0,0,0,CDA
Uden,0,0,0,0,0,1,VVD
Uden,0,0,0,0,0,1,VVD
Uden,0,0,0,0,0,1,VVD
Udenhout,0,0,0,0,0,0,CDA
Udenhout,0,0,0,0,0,0,CDA
Udenhout,0,0,0,0,0,0,CDA
Uitgeest,0,0,0,0,0,1,VVD
Uitgeest,0,0,0,0,0,1,VVD
Uitgeest,0,0,0,0,0,1,VVD
Uithoorn,0,0,0,0,0,1,VVD
Uithoorn,0,0,0,0,0,1,VVD
Uithoorn,0,0,0,0,0,1,VVD
Urk,1,0,0,1,0,0,CDA
Urk,1,0,0,1,0,0,CDA
Urk,1,0,0,1,0,0,CDA
Utrecht (gemeente),0,1,0,0,0,0,PVDA
Utrecht (gemeente),0,1,0,0,0,0,PVDA
Utrecht (gemeente),0,0,0,0,0,0,CDA
Utrechtse Heuvelrug,0,0,0,0,0,1,VVD
Utrechtse Heuvelrug,0,0,0,0,0,1,VVD
Utrechtse Heuvelrug,0,0,0,0,0,1,VVD
Vaals,0,0,1,0,0,0,PVV
Vaals,0,0,1,0,0,1,PVV
Vaals,0,0,1,0,0,1,PVV
Valburg,0,0,0,0,0,0,CDA
Valburg,0,0,0,0,0,0,CDA
Valburg,0,0,0,0,0,0,CDA
Valkenburg (ZH.),0,0,0,0,0,0,CDA
Valkenburg (ZH.),0,0,0,0,0,0,CDA
Valkenburg (ZH.),0,0,0,0,0,0,CDA
Valkenburg aan de Geul,0,0,1,0,0,0,PVV
Valkenburg aan de Geul,0,0,1,0,0,0,PVV
Valkenburg aan de Geul,0,0,1,0,0,0,PVV
Valkenisse,0,0,0,0,0,0,CDA
Valkenisse,0,0,0,0,0,0,CDA
Valkenisse,0,0,0,0,0,0,CDA
Valkenswaard,0,0,0,0,0,1,VVD
Valkenswaard,0,0,0,0,0,1,VVD
Valkenswaard,0,0,0,0,0,1,VVD
Veendam,0,1,0,0,0,0,PVDA
Veendam,0,1,0,0,0,0,PVDA
Veendam,0,1,0,0,0,0,PVDA
Veenendaal,0,0,0,0,0,1,VVD
Veenendaal,0,0,0,0,0,1,VVD
Veenendaal,0,0,0,0,0,0,CDA
Veere,1,0,0,0,0,1,CDA
Veere,1,0,0,0,0,1,CDA
Veere,1,0,0,0,0,0,CDA
Veghel,0,0,0,0,0,1,VVD
Veghel,1,0,0,0,0,1,CDA
Veghel,1,0,0,0,0,0,CDA
Veldhoven,0,0,0,0,0,1,VVD
Veldhoven,0,0,0,0,0,1,VVD
Veldhoven,0,0,0,0,0,1,VVD
Velsen,0,0,0,0,0,1,VVD
Velsen,0,0,0,0,0,1,VVD
Velsen,0,0,0,0,0,0,CDA
Venhuizen,0,0,0,0,0,0,CDA
Venhuizen,0,0,0,0,0,0,CDA
Venhuizen,0,0,0,0,0,0,CDA
Venlo,0,0,1,0,0,0,PVV
Venlo,0,0,1,0,0,0,PVV
Venlo,0,0,1,0,0,0,PVV
Venray,1,0,0,0,0,0,CDA
Venray,1,0,0,0,0,0,CDA
Venray,1,0,0,0,0,0,CDA
Vessem. Wintelre en Knegsel,0,0,0,0,0,0,CDA
Vessem. Wintelre en Knegsel,0,0,0,0,0,0,CDA
Vessem. Wintelre en Knegsel,0,0,0,0,0,0,CDA
Vianen,0,0,0,0,0,1,VVD
Vianen,0,0,0,0,0,1,VVD
Vianen,0,0,0,0,0,1,VVD
Vierlingsbeek,0,0,0,0,0,0,CDA
Vierlingsbeek,0,0,0,0,0,0,CDA
Vierlingsbeek,0,0,0,0,0,0,CDA
Vlaardingen,0,0,1,0,0,0,PVV
Vlaardingen,0,1,0,0,0,0,PVDA
Vlaardingen,0,1,0,0,0,0,PVDA
Vlagtwedde,0,1,0,0,0,0,PVDA
Vlagtwedde,0,1,0,0,0,0,PVDA
Vlagtwedde,1,0,0,0,0,0,CDA
Vledder,0,0,0,0,0,0,CDA
Vledder,0,0,0,0,0,0,CDA
Vledder,0,0,0,0,0,0,CDA
Vleuten-De Meern,0,0,0,0,0,0,CDA
Vleuten-De Meern,0,0,0,0,0,0,CDA
Vleuten-De Meern,0,0,0,0,0,0,CDA
Vlieland,0,1,1,0,0,0,PVDA
Vlieland,0,0,1,0,0,1,PVV
Vlieland,0,1,0,0,0,0,PVDA
Vlijmen,0,0,0,0,0,0,CDA
Vlijmen,0,0,0,0,0,0,CDA
Vlijmen,0,0,0,0,0,0,CDA
Vlissingen,0,1,0,0,0,0,PVDA
Vlissingen,0,0,0,0,0,0,CDA
Vlissingen,0,0,0,0,0,0,CDA
Vlist,1,0,0,0,0,1,CDA
Vlist,0,0,0,0,0,1,VVD
Vlist,0,0,0,0,0,1,VVD
Voerendaal,0,0,1,0,0,0,PVV
Voerendaal,0,0,1,0,0,0,PVV
Voerendaal,0,0,1,0,0,0,PVV
Voorburg,0,0,0,0,0,0,CDA
Voorburg,0,0,0,0,0,0,CDA
Voorburg,0,0,0,0,0,0,CDA
Voorhout,0,0,0,0,0,0,CDA
Voorhout,0,0,0,0,0,0,CDA
Voorhout,0,0,0,0,0,0,CDA
Voorschoten,0,0,0,0,0,1,VVD
Voorschoten,0,0,0,0,0,1,VVD
Voorschoten,0,0,0,0,0,1,VVD
Voorst,0,0,0,0,0,1,VVD
Voorst,1,0,0,0,0,1,CDA
Voorst,1,0,0,0,0,1,CDA
Vorden,0,0,0,0,0,0,CDA
Vorden,0,0,0,0,0,0,CDA
Vorden,0,0,0,0,0,0,CDA
Vries,0,0,0,0,0,0,CDA
Vries,0,0,0,0,0,0,CDA
Vries,0,0,0,0,0,0,CDA
Vriezenveen,0,0,0,0,0,0,CDA
Vriezenveen,0,0,0,0,0,0,CDA
Vriezenveen,0,0,0,0,0,0,CDA
Vught,0,0,0,0,0,1,VVD
Vught,0,0,0,0,0,1,VVD
Vught,0,0,0,0,0,1,VVD
Waadhoeke,0,0,0,0,0,0,CDA
Waadhoeke,0,0,0,0,0,0,CDA
Waadhoeke,0,0,0,0,0,0,CDA
Waalre,0,0,0,0,0,1,VVD
Waalre,0,0,0,0,0,1,VVD
Waalre,0,0,0,0,0,1,VVD
Waalwijk,0,0,0,0,0,0,CDA
Waalwijk,0,0,0,0,0,1,VVD
Waalwijk,0,0,0,0,0,0,CDA
Waddinxveen,0,0,0,0,0,1,VVD
Waddinxveen,0,0,0,0,0,1,VVD
Waddinxveen,0,0,0,0,0,1,VVD
Wageningen,0,1,0,0,0,0,PVDA
Wageningen,0,1,0,0,0,0,PVDA
Wageningen,0,0,0,0,0,0,CDA
Warmond,0,0,0,0,0,0,CDA
Warmond,0,0,0,0,0,0,CDA
Warmond,0,0,0,0,0,0,CDA
Warnsveld,0,0,0,0,0,0,CDA
Warnsveld,0,0,0,0,0,0,CDA
Warnsveld,0,0,0,0,0,0,CDA
Waspik,0,0,0,0,0,0,CDA
Waspik,0,0,0,0,0,0,CDA
Waspik,0,0,0,0,0,0,CDA
Wassenaar,0,0,0,0,0,1,VVD
Wassenaar,0,0,0,0,0,1,VVD
Wassenaar,0,0,0,0,0,1,VVD
Wateringen,0,0,0,0,0,0,CDA
Wateringen,0,0,0,0,0,0,CDA
Wateringen,0,0,0,0,0,0,CDA
Waterland,0,0,0,0,0,1,VVD
Waterland,0,0,0,0,0,1,VVD
Waterland,0,0,0,0,0,1,VVD
Weerselo,0,0,0,0,0,0,CDA
Weerselo,0,0,0,0,0,0,CDA
Weerselo,0,0,0,0,0,0,CDA
Weert,0,0,0,0,0,0,CDA
Weert,0,0,0,0,0,1,VVD
Weert,0,0,0,0,0,0,CDA
Weesp,0,0,0,0,0,1,VVD
Weesp,0,0,0,0,0,1,VVD
Weesp,0,0,0,0,0,1,VVD
Wehl,0,0,0,0,0,0,CDA
Wehl,0,0,0,0,0,0,CDA
Wehl,0,0,0,0,0,0,CDA
Werkendam,1,0,0,0,0,0,CDA
Werkendam,1,0,0,0,0,1,CDA
Werkendam,1,0,0,0,0,0,CDA
Wervershoof,0,0,0,0,0,0,CDA
Wervershoof,0,0,0,0,0,0,CDA
Wervershoof,0,0,0,0,0,0,CDA
West Maas en Waal,0,0,0,0,0,0,CDA
West Maas en Waal,0,0,0,0,0,1,VVD
West Maas en Waal,0,0,0,0,0,0,CDA
Westerbork,0,0,0,0,0,0,CDA
Westerbork,0,0,0,0,0,0,CDA
Westerbork,0,0,0,0,0,0,CDA
Westerhoven,0,0,0,0,0,0,CDA
Westerhoven,0,0,0,0,0,0,CDA
Westerhoven,0,0,0,0,0,0,CDA
Wester-Koggenland,0,0,0,0,0,0,CDA
Wester-Koggenland,0,0,0,0,0,0,CDA
Wester-Koggenland,0,0,0,0,0,0,CDA
Westerschouwen,0,0,0,0,0,0,CDA
Westerschouwen,0,0,0,0,0,0,CDA
Westerschouwen,0,0,0,0,0,0,CDA
Westerveld,0,1,0,0,0,0,PVDA
Westerveld,0,0,0,0,0,0,CDA
Westerveld,0,1,0,0,0,0,PVDA
Westervoort,0,0,0,0,0,1,VVD
Westervoort,0,0,0,0,0,1,VVD
Westervoort,0,0,0,0,0,1,VVD
Westerwolde,0,0,0,0,0,0,CDA
Westerwolde,0,0,0,0,0,0,CDA
Westerwolde,0,0,0,0,0,0,CDA
Westkapelle,0,0,0,0,0,0,CDA
Westkapelle,0,0,0,0,0,0,CDA
Westkapelle,0,0,0,0,0,0,CDA
Westland,0,0,0,0,0,1,VVD
Westland,0,0,0,0,0,1,VVD
Westland,0,0,0,0,0,1,VVD
Weststellingwerf,0,1,0,0,0,0,PVDA
Weststellingwerf,0,0,0,0,0,1,VVD
Weststellingwerf,0,0,0,0,0,0,CDA
Westvoorne,0,0,0,0,0,1,VVD
Westvoorne,0,0,0,0,0,1,VVD
Westvoorne,0,0,0,0,0,1,VVD
Wierden,1,0,0,0,0,0,CDA
Wierden,1,0,0,0,0,1,CDA
Wierden,1,0,0,0,0,0,CDA
Wieringen,0,0,0,0,0,1,VVD
Wieringen,0,0,0,0,0,1,VVD
Wieringen,0,0,0,0,0,0,CDA
Wieringermeer,1,0,0,0,0,1,CDA
Wieringermeer,0,0,0,0,0,1,VVD
Wieringermeer,0,0,0,0,0,0,CDA
Wijchen,0,0,0,0,0,1,VVD
Wijchen,0,0,0,0,0,1,VVD
Wijchen,0,0,0,0,0,0,CDA
Wijdemeren,0,0,0,0,0,1,VVD
Wijdemeren,0,0,0,0,0,1,VVD
Wijdemeren,0,0,0,0,0,1,VVD
Wijhe,0,0,0,0,0,0,CDA
Wijhe,0,0,0,0,0,0,CDA
Wijhe,0,0,0,0,0,0,CDA
De Wijk,0,0,0,0,0,0,CDA
De Wijk,0,0,0,0,0,0,CDA
De Wijk,0,0,0,0,0,0,CDA
Wijk bij Duurstede,0,0,0,0,0,1,VVD
Wijk bij Duurstede,0,0,0,0,0,1,VVD
Wijk bij Duurstede,0,0,0,0,0,1,VVD
Willemstad,0,0,0,0,0,0,CDA
Willemstad,0,0,0,0,0,0,CDA
Willemstad,0,0,0,0,0,0,CDA
Winschoten,0,0,0,0,0,0,CDA
Winschoten,0,0,0,0,0,0,CDA
Winschoten,0,0,0,0,0,0,CDA
Winsum,0,1,0,0,0,0,PVDA
Winsum,0,1,0,0,0,0,PVDA
Winsum,0,0,0,0,0,0,CDA
Winterswijk,0,1,0,0,0,0,PVDA
Winterswijk,0,0,0,0,0,1,VVD
Winterswijk,0,0,0,0,0,0,CDA
Wisch,0,0,0,0,0,0,CDA
Wisch,0,0,0,0,0,0,CDA
Wisch,0,0,0,0,0,0,CDA
Wittem,0,0,0,0,0,0,CDA
Wittem,0,0,0,0,0,0,CDA
Wittem,0,0,0,0,0,0,CDA
Woensdrecht,0,0,1,0,0,1,PVV
Woensdrecht,0,0,1,0,0,1,PVV
Woensdrecht,0,0,1,0,0,1,PVV
Woerden,0,0,0,0,0,1,VVD
Woerden,0,0,0,0,0,1,VVD
Woerden,0,0,0,0,0,1,VVD
Wognum,0,0,0,0,0,0,CDA
Wognum,0,0,0,0,0,0,CDA
Wognum,0,0,0,0,0,0,CDA
De Wolden,1,0,0,0,0,1,CDA
De Wolden,1,0,0,0,0,1,CDA
De Wolden,1,0,0,0,0,0,CDA
Wormerland,0,0,0,0,0,1,VVD
Wormerland,0,0,0,0,0,1,VVD
Wormerland,0,0,0,0,0,1,VVD
Woudenberg,0,0,0,0,0,1,VVD
Woudenberg,1,0,0,0,0,1,CDA
Woudenberg,1,0,0,0,0,1,CDA
Woudrichem,1,0,0,0,0,0,CDA
Woudrichem,1,0,0,0,0,0,CDA
Woudrichem,1,0,0,0,0,0,CDA
Wouw,0,0,0,0,0,0,CDA
Wouw,0,0,0,0,0,0,CDA
Wouw,0,0,0,0,0,0,CDA
Wûnseradiel,1,1,0,0,0,1,CDA
Wûnseradiel,0,0,0,0,0,0,CDA
Wûnseradiel,0,0,0,0,0,0,CDA
Wymbritseradiel,1,1,0,0,0,0,CDA
Wymbritseradiel,0,0,0,0,0,0,CDA
Wymbritseradiel,0,0,0,0,0,0,CDA
Zaanstad,0,1,0,0,0,0,PVDA
Zaanstad,0,0,0,0,0,0,CDA
Zaanstad,0,0,0,0,0,0,CDA
Zaltbommel,0,0,0,0,0,1,VVD
Zaltbommel,0,0,0,0,0,1,VVD
Zaltbommel,0,0,0,0,0,0,CDA
Zandvoort,0,0,0,0,0,1,VVD
Zandvoort,0,0,0,0,0,1,VVD
Zandvoort,0,0,0,0,0,1,VVD
Zederik,1,0,0,0,0,0,CDA
Zederik,1,0,0,0,0,0,CDA
Zederik,1,0,0,0,0,0,CDA
Zeevang,0,0,0,0,0,1,VVD
Zeevang,0,0,0,0,0,1,VVD
Zeevang,0,0,0,0,0,1,VVD
Zeewolde,0,0,0,0,0,1,VVD
Zeewolde,0,0,0,0,0,1,VVD
Zeewolde,1,0,0,0,0,1,CDA
Zeist,0,0,0,0,0,1,VVD
Zeist,0,0,0,0,0,1,VVD
Zeist,0,0,0,0,0,1,VVD
Zelhem,0,0,0,0,0,0,CDA
Zelhem,0,0,0,0,0,0,CDA
Zelhem,0,0,0,0,0,0,CDA
Zevenaar,0,1,0,0,0,0,PVDA
Zevenaar,0,0,0,0,0,1,VVD
Zevenaar,0,1,0,0,0,0,PVDA
Zevenbergen,0,0,0,0,0,0,CDA
Zevenbergen,0,0,0,0,0,0,CDA
Zevenbergen,0,0,0,0,0,0,CDA
Zevenhuizen-Moerkapelle,0,0,0,0,0,0,CDA
Zevenhuizen-Moerkapelle,0,0,0,0,0,0,CDA
Zevenhuizen-Moerkapelle,0,0,0,0,0,0,CDA
Zierikzee,0,0,0,0,0,0,CDA
Zierikzee,0,0,0,0,0,0,CDA
Zierikzee,0,0,0,0,0,0,CDA
Zijpe,0,0,0,0,0,1,VVD
Zijpe,0,0,0,0,0,1,VVD
Zijpe,0,0,0,0,0,0,CDA
Zoetermeer,0,0,0,0,0,1,VVD
Zoetermeer,0,0,0,0,0,1,VVD
Zoetermeer,0,0,0,0,0,1,VVD
Zoeterwoude,0,0,0,0,0,1,VVD
Zoeterwoude,0,0,0,0,0,1,VVD
Zoeterwoude,0,0,0,0,0,1,VVD
Zuidhorn,0,1,0,0,0,0,PVDA
Zuidhorn,1,0,0,0,0,0,CDA
Zuidhorn,1,0,0,0,0,0,CDA
Zuidlaren,0,0,0,0,0,0,CDA
Zuidlaren,0,0,0,0,0,0,CDA
Zuidlaren,0,0,0,0,0,0,CDA
Zuidplas,0,0,0,0,0,1,VVD
Zuidplas,0,0,0,0,0,1,VVD
Zuidplas,0,0,0,0,0,1,VVD
Zuidwolde,0,0,0,0,0,0,CDA
Zuidwolde,0,0,0,0,0,0,CDA
Zuidwolde,0,0,0,0,0,0,CDA
Zundert,0,0,0,0,0,0,CDA
Zundert,0,0,0,0,0,1,VVD
Zundert,0,0,0,0,0,1,VVD
Zutphen,0,1,0,0,0,0,PVDA
Zutphen,0,1,0,0,0,0,PVDA
Zutphen,0,1,0,0,0,0,PVDA
Zwartewaterland,1,0,0,0,0,0,CDA
Zwartewaterland,1,0,0,0,0,0,CDA
Zwartewaterland,1,0,0,0,0,0,CDA
Zwartsluis,0,0,0,0,0,0,CDA
Zwartsluis,0,0,0,0,0,0,CDA
Zwartsluis,0,0,0,0,0,0,CDA
Zweeloo,0,0,0,0,0,0,CDA
Zweeloo,0,0,0,0,0,0,CDA
Zweeloo,0,0,0,0,0,0,CDA
Zwijndrecht,0,0,0,0,0,1,VVD
Zwijndrecht,0,0,0,0,0,1,VVD
Zwijndrecht,0,0,0,0,0,0,CDA
Zwolle,0,1,0,0,0,0,PVDA
Zwolle,0,1,0,0,0,0,PVDA
Zwolle,0,1,0,0,0,0,PVDA
